pos_NC_007605.1	base_NC_007605.1	base_other	gene	genes_all
88718	A	T	EBNA3B	EBNA1,EBNA3B,EBNA-1%2C QUK transcript
88753	T	C	EBNA3B	EBNA1,EBNA3B,EBNA-1%2C QUK transcript
88784	A	G	EBNA3B	EBNA1,EBNA3B,EBNA-1%2C QUK transcript
88880	T	C	EBNA3B	EBNA1,EBNA3B,EBNA-1%2C QUK transcript
88965	A	C	EBNA3B	EBNA1,EBNA3B,EBNA-1%2C QUK transcript
88979	G	T	EBNA3B	EBNA1,EBNA3B,EBNA-1%2C QUK transcript
89009	T	C	EBNA3B	EBNA1,EBNA3B,EBNA-1%2C QUK transcript
89031	G	T	EBNA3B	EBNA1,EBNA3B,EBNA-1%2C QUK transcript
89051	C	T	EBNA3B	EBNA1,EBNA3B,EBNA-1%2C QUK transcript
89084	G	A	EBNA3B	EBNA1,EBNA3B,EBNA-1%2C QUK transcript
89087	C	T	EBNA3B	EBNA1,EBNA3B,EBNA-1%2C QUK transcript
89090	G	A	EBNA3B	EBNA1,EBNA3B,EBNA-1%2C QUK transcript
89105	C	T	EBNA3B	EBNA1,EBNA3B,EBNA-1%2C QUK transcript
89489	A	G	EBNA1	EBNA1,EBNA-1%2C QUK transcript,envelope glycoprotein 42
89491	C	T	EBNA1	EBNA1,EBNA-1%2C QUK transcript,envelope glycoprotein 42
89517	G	T	EBNA1	EBNA1,EBNA-1%2C QUK transcript,envelope glycoprotein 42
89555	G	T	EBNA1	EBNA1,EBNA-1%2C QUK transcript,envelope glycoprotein 42
89568	T	C	EBNA1	EBNA1,EBNA-1%2C QUK transcript,envelope glycoprotein 42
89603	C	T	EBNA1	EBNA1,EBNA-1%2C QUK transcript,envelope glycoprotein 42
89712	G	T	EBNA1	EBNA1,EBNA-1%2C QUK transcript,envelope glycoprotein 42
89715	T	C	EBNA1	EBNA1,EBNA-1%2C QUK transcript,envelope glycoprotein 42
89717	C	A	EBNA1	EBNA1,EBNA-1%2C QUK transcript,envelope glycoprotein 42
89820	T	C	EBNA1	EBNA1,EBNA-1%2C QUK transcript,envelope glycoprotein 42
89851	G	A	BZLF1	EBNA1,EBNA-1%2C QUK transcript,BRLF1,BZLF1
90047	C	A	BZLF1	EBNA1,EBNA-1%2C QUK transcript,BRLF1,BZLF1
90099	A	C	BZLF1	EBNA1,EBNA-1%2C QUK transcript,BRLF1,BZLF1
90101	G	A	BZLF1	EBNA1,EBNA-1%2C QUK transcript,BRLF1,BZLF1
90102	C	T	BZLF1	EBNA1,EBNA-1%2C QUK transcript,BRLF1,BZLF1
90108	G	A	BZLF1	EBNA1,EBNA-1%2C QUK transcript,BRLF1,BZLF1
90126	G	C	BZLF1	EBNA1,EBNA-1%2C QUK transcript,BRLF1,BZLF1
90128	A	G	BZLF1	EBNA1,EBNA-1%2C QUK transcript,BRLF1,BZLF1
90159	T	A	BZLF1	EBNA1,EBNA-1%2C QUK transcript,BRLF1,BZLF1
90216	T	A	BZLF1	EBNA1,EBNA-1%2C QUK transcript,BRLF1,BZLF1
90231	G	A	BZLF1	EBNA1,EBNA-1%2C QUK transcript,BRLF1,BZLF1
90294	A	G	BZLF1	EBNA1,EBNA-1%2C QUK transcript,BRLF1,BZLF1
90303	A	G	BZLF1	EBNA1,EBNA-1%2C QUK transcript,BRLF1,BZLF1
90320	C	T	BZLF1	EBNA1,EBNA-1%2C QUK transcript,BRLF1,BZLF1
90321	A	T	BZLF1	EBNA1,EBNA-1%2C QUK transcript,BRLF1,BZLF1
90344	C	A	BZLF1	EBNA1,EBNA-1%2C QUK transcript,BRLF1,BZLF1
90350	C	T	BZLF1	EBNA1,EBNA-1%2C QUK transcript,BRLF1,BZLF1
90361	C	T	BZLF1	EBNA1,EBNA-1%2C QUK transcript,BRLF1,BZLF1
90380	T	A	BZLF1	EBNA1,EBNA-1%2C QUK transcript,BRLF1,BZLF1
90390	G	T	BZLF1	EBNA1,EBNA-1%2C QUK transcript,BRLF1,BZLF1
90394	G	A	BZLF1	EBNA1,EBNA-1%2C QUK transcript,BRLF1,BZLF1
90413	A	G	BZLF1	EBNA1,EBNA-1%2C QUK transcript,BRLF1,BZLF1
90431	A	G	BZLF1	EBNA1,EBNA-1%2C QUK transcript,BRLF1,BZLF1
90472	G	A	BZLF1	EBNA1,EBNA-1%2C QUK transcript,BRLF1,BZLF1
90498	T	G	BZLF1	EBNA1,EBNA-1%2C QUK transcript,BRLF1,BZLF1
90574	G	T	BZLF1	EBNA1,EBNA-1%2C QUK transcript,BRLF1,BZLF1
90586	C	T	BZLF1	EBNA1,EBNA-1%2C QUK transcript,BRLF1,BZLF1
90642	A	G	BZLF1	EBNA1,EBNA-1%2C QUK transcript,BRLF1,BZLF1
90658	C	T	BZLF1	EBNA1,EBNA-1%2C QUK transcript,BRLF1,BZLF1
90666	T	C	BZLF1	EBNA1,EBNA-1%2C QUK transcript,BRLF1,BZLF1
90685	T	G	BZLF1	EBNA1,EBNA-1%2C QUK transcript,BRLF1,BZLF1
90748	C	T	BZLF1	EBNA1,EBNA-1%2C QUK transcript,BRLF1,BZLF1
91006	A	C	EBNA1	EBNA1,EBNA-1%2C QUK transcript,BRLF1
91012	T	C	EBNA1	EBNA1,EBNA-1%2C QUK transcript,BRLF1
91047	T	C	EBNA1	EBNA1,EBNA-1%2C QUK transcript,BRLF1
91271	C	T	EBNA1	EBNA1,EBNA-1%2C QUK transcript,BRLF1
91366	T	C	EBNA1	EBNA1,EBNA-1%2C QUK transcript,BRLF1
91430	T	C	EBNA1	EBNA1,EBNA-1%2C QUK transcript,BRLF1
91438	C	T	EBNA1	EBNA1,EBNA-1%2C QUK transcript,BRLF1
91766	G	T	EBNA1	EBNA1,EBNA-1%2C QUK transcript,BRLF1
93894	G	T	EBNA1	EBNA1,EBNA-1%2C QUK transcript,BRLF1
94866	C	A	EBNA1	EBNA1,EBNA-1%2C QUK transcript,tegument protein G48
94901	T	G	EBNA1	EBNA1,EBNA-1%2C QUK transcript,tegument protein G48
94951	A	G	EBNA1	EBNA1,EBNA-1%2C QUK transcript,tegument protein G48
94981	G	A	EBNA1	EBNA1,EBNA-1%2C QUK transcript,tegument protein G48
94987	C	T	EBNA1	EBNA1,EBNA-1%2C QUK transcript,tegument protein G48
95012	C	T	EBNA1	EBNA1,EBNA-1%2C QUK transcript,tegument protein G48
95013	G	A	EBNA1	EBNA1,EBNA-1%2C QUK transcript,tegument protein G48
95051	G	A	EBNA1	EBNA1,EBNA-1%2C QUK transcript,tegument protein G48
95171	A	G	EBNA1	EBNA1,EBNA-1%2C QUK transcript,tegument protein G48
95302	T	C	EBNA1	EBNA1,EBNA-1%2C QUK transcript,tegument protein G48
95401	A	C	EBNA1	EBNA1,EBNA-1%2C QUK transcript,tegument protein G48
95405	G	T	EBNA1	EBNA1,EBNA-1%2C QUK transcript,tegument protein G48
95435	C	T	EBNA1	EBNA1,EBNA-1%2C QUK transcript,tegument protein G48
95442	C	T	EBNA1	EBNA1,EBNA-1%2C QUK transcript,tegument protein G48
95459	G	A	EBNA1	EBNA1,EBNA-1%2C QUK transcript,tegument protein G48
95622	G	A	EBNA1	EBNA1,EBNA-1%2C QUK transcript,tegument protein G48
95676	G	A	EBNA1	EBNA1,EBNA-1%2C QUK transcript
95707	G	C	EBNA1	EBNA1,EBNA-1%2C QUK transcript
95714	G	A	EBNA1	EBNA1,EBNA-1%2C QUK transcript
95733	A	C	EBNA1	EBNA1,EBNA-1%2C QUK transcript
95740	G	A	EBNA1	EBNA1,EBNA-1%2C QUK transcript
95769	T	G	EBNA1	EBNA1,EBNA-1%2C QUK transcript
95829	C	T	EBNA1	EBNA1,EBNA-1%2C QUK transcript
95914	A	G	EBNA1	EBNA1,EBNA-1%2C QUK transcript
95946	G	A	EBNA1	EBNA1,EBNA-1%2C QUK transcript
96003	G	A	EBNA1	EBNA1,EBNA-1%2C QUK transcript
96120	G	A	EBNA1	EBNA1,EBNA-1%2C QUK transcript
96155	G	C	EBNA1	EBNA1,EBNA-1%2C QUK transcript
96156	G	A	EBNA1	EBNA1,EBNA-1%2C QUK transcript
96158	C	G	EBNA1	EBNA1,EBNA-1%2C QUK transcript
96236	G	C	EBNA1	EBNA1,EBNA-1%2C QUK transcript
96237	G	A	EBNA1	EBNA1,EBNA-1%2C QUK transcript
96239	C	G	EBNA1	EBNA1,EBNA-1%2C QUK transcript
96294	A	C	EBNA1	EBNA1,EBNA-1%2C QUK transcript
96309	A	C	EBNA1	EBNA1,EBNA-1%2C QUK transcript
96338	G	C	EBNA1	EBNA1,EBNA-1%2C QUK transcript
96339	G	A	EBNA1	EBNA1,EBNA-1%2C QUK transcript
96341	C	G	EBNA1	EBNA1,EBNA-1%2C QUK transcript
96792	A	T	EBNA1	EBNA1,EBNA-1%2C QUK transcript
96890	G	C	EBNA1	EBNA1,EBNA-1%2C QUK transcript
96946	G	A	EBNA1	EBNA1,EBNA-1%2C QUK transcript
97055	T	A	EBNA1	EBNA1,EBNA-1%2C QUK transcript
97072	C	G	EBNA1	EBNA1,EBNA-1%2C QUK transcript
97085	A	G	EBNA1	EBNA1,EBNA-1%2C QUK transcript
97088	C	A	EBNA1	EBNA1,EBNA-1%2C QUK transcript
97120	G	C	EBNA1	EBNA1,EBNA-1%2C QUK transcript
97121	C	T	EBNA1	EBNA1,EBNA-1%2C QUK transcript
97135	A	T	EBNA1	EBNA1,EBNA-1%2C QUK transcript
97158	C	G	EBNA1	EBNA1,EBNA-1%2C QUK transcript
97161	A	T	EBNA1	EBNA1,EBNA-1%2C QUK transcript
97166	C	A	EBNA1	EBNA1,EBNA-1%2C QUK transcript
97221	A	C	EBNA1	EBNA1,EBNA-1%2C QUK transcript
97232	C	T	EBNA1	EBNA1,EBNA-1%2C QUK transcript
97235	C	G	EBNA1	EBNA1,EBNA-1%2C QUK transcript
97320	G	A	EBNA1	EBNA1,EBNA-1%2C QUK transcript
97350	G	T	EBNA1	EBNA1,EBNA-1%2C QUK transcript
97382	T	G	EBNA1	EBNA1,EBNA-1%2C QUK transcript
97411	A	T	EBNA1	EBNA1,EBNA-1%2C QUK transcript
97414	A	C	EBNA1	EBNA1,EBNA-1%2C QUK transcript
97442	G	A	EBNA1	EBNA1,EBNA-1%2C QUK transcript
97676	G	A	envelope glycoprotein L	envelope glycoprotein L
97698	T	C	envelope glycoprotein L	envelope glycoprotein L
98148	G	C	envelope glycoprotein L	envelope glycoprotein L,uracil-DNA glycosylase
98235	C	A	envelope glycoprotein L	envelope glycoprotein L,uracil-DNA glycosylase
98244	T	A	envelope glycoprotein L	envelope glycoprotein L,uracil-DNA glycosylase
98262	A	G	envelope glycoprotein L	envelope glycoprotein L,uracil-DNA glycosylase
98377	G	A	envelope glycoprotein L	envelope glycoprotein L,uracil-DNA glycosylase
98397	T	C	envelope glycoprotein L	envelope glycoprotein L,uracil-DNA glycosylase
98439	C	T	envelope glycoprotein L	envelope glycoprotein L,uracil-DNA glycosylase
99851	T	C	helicase-primase helicase subunit	helicase-primase helicase subunit
100129	C	T	helicase-primase helicase subunit	helicase-primase helicase subunit
100304	G	A	helicase-primase helicase subunit	helicase-primase helicase subunit
100433	T	G	helicase-primase helicase subunit	helicase-primase helicase subunit
100589	C	T	helicase-primase helicase subunit	helicase-primase helicase subunit
100601	G	C	helicase-primase helicase subunit	helicase-primase helicase subunit
100640	G	A	helicase-primase helicase subunit	helicase-primase helicase subunit
100652	G	T	helicase-primase helicase subunit	helicase-primase helicase subunit
100748	C	A	helicase-primase helicase subunit	helicase-primase helicase subunit
100778	A	C	helicase-primase helicase subunit	helicase-primase helicase subunit
100841	G	A	helicase-primase helicase subunit	helicase-primase helicase subunit
100856	A	G	helicase-primase helicase subunit	helicase-primase helicase subunit
100886	A	G	helicase-primase helicase subunit	helicase-primase helicase subunit
100957	C	T	helicase-primase helicase subunit	helicase-primase helicase subunit
101291	A	G	helicase-primase helicase subunit	helicase-primase helicase subunit
101453	G	T	helicase-primase helicase subunit	helicase-primase helicase subunit
101521	G	T	helicase-primase helicase subunit	helicase-primase helicase subunit
101803	G	T	helicase-primase helicase subunit	helicase-primase helicase subunit,capsid portal protein
101862	C	T	helicase-primase helicase subunit	helicase-primase helicase subunit,capsid portal protein
101954	C	T	helicase-primase helicase subunit	helicase-primase helicase subunit,capsid portal protein
101978	T	G	capsid portal protein	capsid portal protein
102068	C	T	capsid portal protein	capsid portal protein
102455	C	T	capsid portal protein	capsid portal protein
102502	A	G	capsid portal protein	capsid portal protein
102573	A	G	capsid portal protein	capsid portal protein
102686	C	A	capsid portal protein	capsid portal protein
102989	A	G	capsid portal protein	capsid portal protein
102995	A	G	capsid portal protein	capsid portal protein
103695	A	G	capsid portal protein	capsid portal protein,tegument protein UL7
106688	A	G	helicase-primase subunit	helicase-primase subunit
106891	G	T	envelope glycoprotein M	envelope glycoprotein M
107223	A	G	envelope glycoprotein M	envelope glycoprotein M
107367	C	T	envelope glycoprotein M	envelope glycoprotein M
107458	G	A	envelope glycoprotein M	envelope glycoprotein M
107593	A	G	envelope glycoprotein M	envelope glycoprotein M
107604	C	A	envelope glycoprotein M	envelope glycoprotein M
107793	G	A	envelope glycoprotein M	envelope glycoprotein M
108013	G	A	envelope glycoprotein M	envelope glycoprotein M
109819	T	G	protein UL95	protein UL95,tegument protein UL14,tegument serine/threonine protein kinase,deoxyribonuclease
109894	T	C	protein UL95	protein UL95,tegument protein UL14,tegument serine/threonine protein kinase,deoxyribonuclease
109917	A	T	protein UL95	protein UL95,tegument protein UL14,tegument serine/threonine protein kinase,deoxyribonuclease
111506	T	C	protein UL95	protein UL95,tegument protein UL14
112088	T	C	protein UL95	protein UL95
112100	C	T	protein UL95	protein UL95
112112	G	A	protein UL95	protein UL95
112202	T	A	protein UL95	protein UL95
112349	A	C	protein UL95	protein UL95
112388	G	A	protein UL95	protein UL95
112703	T	G	protein UL95	protein UL95,DNA packaging terminase subunit 1
112712	C	T	protein UL95	protein UL95,DNA packaging terminase subunit 1
112763	A	G	protein UL95	protein UL95,DNA packaging terminase subunit 1
112919	T	C	DNA packaging terminase subunit 1	DNA packaging terminase subunit 1
112994	A	C	DNA packaging terminase subunit 1	DNA packaging terminase subunit 1
113264	A	G	DNA packaging terminase subunit 1	DNA packaging terminase subunit 1,protein UL91,protein UL92,DNA packaging tegument protein UL17,tegument protein UL16
113719	A	G	DNA packaging terminase subunit 1	DNA packaging terminase subunit 1,protein UL91,protein UL92,DNA packaging tegument protein UL17,tegument protein UL16
113860	C	T	DNA packaging terminase subunit 1	DNA packaging terminase subunit 1,protein UL91,protein UL92,DNA packaging tegument protein UL17,tegument protein UL16
114217	A	T	DNA packaging terminase subunit 1	DNA packaging terminase subunit 1,protein UL91,protein UL92,DNA packaging tegument protein UL17,tegument protein UL16
114250	T	G	DNA packaging terminase subunit 1	DNA packaging terminase subunit 1,protein UL91,protein UL92,DNA packaging tegument protein UL17,tegument protein UL16
114758	C	G	DNA packaging terminase subunit 1	DNA packaging terminase subunit 1,protein UL91,protein UL92,DNA packaging tegument protein UL17
115591	C	T	DNA packaging terminase subunit 1	DNA packaging terminase subunit 1,protein UL91,protein UL92,DNA packaging tegument protein UL17
115691	A	C	DNA packaging terminase subunit 1	DNA packaging terminase subunit 1,protein UL91,protein UL92,DNA packaging tegument protein UL17
115832	A	C	DNA packaging terminase subunit 1	DNA packaging terminase subunit 1,protein UL91,protein UL92,DNA packaging tegument protein UL17
116808	A	G	DNA packaging terminase subunit 1	DNA packaging terminase subunit 1,protein UL91
116876	C	G	DNA packaging terminase subunit 1	DNA packaging terminase subunit 1,protein UL91
116887	C	G	DNA packaging terminase subunit 1	DNA packaging terminase subunit 1,protein UL91
116902	C	A	DNA packaging terminase subunit 1	DNA packaging terminase subunit 1,protein UL91
117232	C	T	DNA packaging terminase subunit 1	DNA packaging terminase subunit 1
117796	C	A	DNA packaging terminase subunit 1	DNA packaging terminase subunit 1
118379	A	T	capsid triplex subunit 2	capsid triplex subunit 2,envelope glycoprotein 48,envelope glycoprotein 150
118531	A	G	capsid triplex subunit 2	capsid triplex subunit 2,envelope glycoprotein 48,envelope glycoprotein 150
118560	A	G	capsid triplex subunit 2	capsid triplex subunit 2,envelope glycoprotein 48,envelope glycoprotein 150
118587	A	G	capsid triplex subunit 2	capsid triplex subunit 2,envelope glycoprotein 48,envelope glycoprotein 150
118710	A	G	capsid triplex subunit 2	capsid triplex subunit 2,envelope glycoprotein 48,envelope glycoprotein 150
118745	T	G	capsid triplex subunit 2	capsid triplex subunit 2,envelope glycoprotein 48,envelope glycoprotein 150
118746	A	G	capsid triplex subunit 2	capsid triplex subunit 2,envelope glycoprotein 48,envelope glycoprotein 150
120321	G	A	capsid triplex subunit 2	capsid triplex subunit 2
121861	A	C	major capsid protein	major capsid protein
122482	A	G	major capsid protein	major capsid protein
122490	C	T	major capsid protein	major capsid protein
122491	A	G	major capsid protein	major capsid protein
122611	G	T	major capsid protein	major capsid protein
122635	G	A	major capsid protein	major capsid protein
122725	T	C	major capsid protein	major capsid protein
123028	A	T	major capsid protein	major capsid protein
123228	A	C	major capsid protein	major capsid protein
123493	A	G	major capsid protein	major capsid protein
124273	A	G	major capsid protein	major capsid protein
124579	G	A	major capsid protein	major capsid protein
124618	A	G	major capsid protein	major capsid protein
125082	A	G	major capsid protein	major capsid protein,protein UL87
125089	A	G	major capsid protein	major capsid protein,protein UL87
125273	A	G	major capsid protein	major capsid protein,protein UL87
125365	G	T	major capsid protein	major capsid protein,protein UL87
125389	G	A	major capsid protein	major capsid protein,protein UL87
125413	C	T	major capsid protein	major capsid protein,protein UL87
125574	A	G	protein UL87	protein UL87
125688	G	A	protein UL87	protein UL87
125719	T	G	protein UL87	protein UL87
125890	T	C	protein UL87	protein UL87
126064	C	T	protein UL87	protein UL87
126094	T	C	protein UL87	protein UL87
126098	T	G	protein UL87	protein UL87
126125	T	G	protein UL87	protein UL87
126136	G	A	protein UL87	protein UL87
126172	G	C	protein UL87	protein UL87
126173	C	A	protein UL87	protein UL87
126174	G	T	protein UL87	protein UL87
126187	G	T	protein UL87	protein UL87
126232	A	G	protein UL87	protein UL87
126271	A	G	protein UL87	protein UL87
126375	C	T	protein UL87	protein UL87
126427	C	T	protein UL87	protein UL87
126682	G	A	protein UL87	protein UL87
126819	G	A	protein UL87	protein UL87
126882	A	G	protein UL87	protein UL87
127195	G	T	protein UL87	protein UL87
127598	A	G	protein UL87	protein UL87,tegument protein UL88
127616	G	A	protein UL87	protein UL87,tegument protein UL88
128037	A	G	protein UL87	protein UL87,tegument protein UL88
129101	A	G	thymidine kinase	thymidine kinase,envelope glycoprotein H
129200	C	A	thymidine kinase	thymidine kinase,envelope glycoprotein H
129249	G	A	thymidine kinase	thymidine kinase,envelope glycoprotein H
129338	T	C	thymidine kinase	thymidine kinase,envelope glycoprotein H
129644	A	C	thymidine kinase	thymidine kinase,envelope glycoprotein H
129656	C	A	thymidine kinase	thymidine kinase,envelope glycoprotein H
129688	T	C	thymidine kinase	thymidine kinase,envelope glycoprotein H
129836	A	G	thymidine kinase	thymidine kinase,envelope glycoprotein H
129905	C	T	thymidine kinase	thymidine kinase,envelope glycoprotein H
130159	C	T	thymidine kinase	thymidine kinase,envelope glycoprotein H
130691	G	A	thymidine kinase	thymidine kinase,envelope glycoprotein H
131496	G	A	thymidine kinase	thymidine kinase
131751	T	C	thymidine kinase	thymidine kinase
131776	A	G	thymidine kinase	thymidine kinase
131901	G	A	thymidine kinase	thymidine kinase
132036	G	A	thymidine kinase	thymidine kinase
132183	G	T	thymidine kinase	thymidine kinase
132246	C	T	thymidine kinase	thymidine kinase
132393	G	T	thymidine kinase	thymidine kinase
132399	G	A	thymidine kinase	thymidine kinase
132429	A	G	thymidine kinase	thymidine kinase
132585	G	A	thymidine kinase	thymidine kinase,nuclear protein UL24
132606	A	G	thymidine kinase	thymidine kinase,nuclear protein UL24
132633	T	C	thymidine kinase	thymidine kinase,nuclear protein UL24
132673	C	A	thymidine kinase	thymidine kinase,nuclear protein UL24
132717	G	A	thymidine kinase	thymidine kinase,nuclear protein UL24
132756	A	G	thymidine kinase	thymidine kinase,nuclear protein UL24
132830	A	C	thymidine kinase	thymidine kinase,nuclear protein UL24
132831	T	C	thymidine kinase	thymidine kinase,nuclear protein UL24
133780	G	A	nuclear protein UL24	nuclear protein UL24,DNA packaging tegument protein UL25
134158	G	A	nuclear protein UL24	nuclear protein UL24,DNA packaging tegument protein UL25
134200	T	C	nuclear protein UL24	nuclear protein UL24,DNA packaging tegument protein UL25
134425	C	T	nuclear protein UL24	nuclear protein UL24,DNA packaging tegument protein UL25
134665	G	A	nuclear protein UL24	nuclear protein UL24,DNA packaging tegument protein UL25,protein UL79
134887	C	G	protein UL79	protein UL79
135061	A	G	protein UL79	protein UL79
135403	T	C	protein UL79	protein UL79
135408	A	G	protein UL79	protein UL79
135673	C	T	capsid maturation protease	capsid maturation protease
135867	A	T	capsid maturation protease	capsid maturation protease
135950	G	T	capsid maturation protease	capsid maturation protease
136252	A	C	capsid maturation protease	capsid maturation protease
136348	C	T	capsid maturation protease	capsid maturation protease,capsid scaffold protein
136413	C	A	capsid maturation protease	capsid maturation protease,capsid scaffold protein
136933	C	T	capsid maturation protease	capsid maturation protease,capsid scaffold protein
136975	T	C	capsid maturation protease	capsid maturation protease,capsid scaffold protein
137081	T	C	capsid maturation protease	capsid maturation protease,capsid scaffold protein
137799	G	C	membrane protein BILF2	membrane protein BILF2
137883	T	C	membrane protein BILF2	membrane protein BILF2
138283	T	C	intergenic	intergenic
138577	T	G	RPMS1	RPMS1
138580	A	C	RPMS1	RPMS1
138624	G	A	RPMS1	RPMS1
138699	G	T	RPMS1	RPMS1
138723	T	C	RPMS1	RPMS1
138987	C	A	RPMS1	RPMS1
139026	T	C	RPMS1	RPMS1
139070	T	C	RPMS1	RPMS1
139209	G	C	RPMS1	RPMS1
139600	A	G	RPMS1	RPMS1
139640	T	C	RPMS1	RPMS1
139650	T	C	RPMS1	RPMS1
139654	A	C	RPMS1	RPMS1
140327	A	C	RPMS1	RPMS1
140347	G	A	RPMS1	RPMS1
140381	G	T	RPMS1	RPMS1
140518	T	C	RPMS1	RPMS1
140560	T	C	RPMS1	RPMS1
140591	G	T	RPMS1	RPMS1,protein LF3
140601	T	G	RPMS1	RPMS1,protein LF3
140663	T	C	RPMS1	RPMS1,protein LF3
140735	T	C	RPMS1	RPMS1,protein LF3
140829	C	T	RPMS1	RPMS1,protein LF3
140929	G	C	RPMS1	RPMS1,protein LF3
143282	A	G	RPMS1	RPMS1,protein LF3
143283	T	G	RPMS1	RPMS1,protein LF3
143289	T	G	RPMS1	RPMS1,protein LF3
143450	C	T	RPMS1	RPMS1,protein LF3
143505	C	T	RPMS1	RPMS1,protein LF3
143565	G	C	RPMS1	RPMS1,protein LF3
143631	T	A	RPMS1	RPMS1,protein LF3
143690	G	A	RPMS1	RPMS1,protein LF3
144170	A	G	RPMS1	RPMS1
144348	C	A	RPMS1	RPMS1
144871	G	A	RPMS1	RPMS1
144997	G	C	RPMS1	RPMS1
145076	T	A	RPMS1	RPMS1
145337	G	A	RPMS1	RPMS1
145493	A	G	RPMS1	RPMS1
145539	T	C	RPMS1	RPMS1
145589	C	A	RPMS1	RPMS1
145602	G	A	RPMS1	RPMS1
145624	T	G	RPMS1	RPMS1
145648	G	T	RPMS1	RPMS1
145696	A	G	RPMS1	RPMS1
145698	A	G	RPMS1	RPMS1
145738	C	T	RPMS1	RPMS1
146031	G	A	RPMS1	RPMS1
146116	G	A	RPMS1	RPMS1
146144	A	G	RPMS1	RPMS1
146188	T	A	RPMS1	RPMS1
146242	A	G	RPMS1	RPMS1
146260	A	T	RPMS1	RPMS1
146300	G	A	RPMS1	RPMS1
146304	T	C	RPMS1	RPMS1
146317	G	T	RPMS1	RPMS1
146360	T	G	RPMS1	RPMS1
146399	G	T	RPMS1	RPMS1
146466	A	T	RPMS1	RPMS1
146558	C	T	RPMS1	RPMS1
146594	C	G	RPMS1	RPMS1
146691	C	T	RPMS1	RPMS1
146752	C	T	RPMS1	RPMS1
148484	T	C	RPMS1	RPMS1
148628	T	A	RPMS1	RPMS1
149635	T	G	RPMS1	RPMS1,membrane protein BILF1,protein G10,virion protein G11
149794	G	A	RPMS1	RPMS1,membrane protein BILF1,protein G10,virion protein G11
150022	A	G	RPMS1	RPMS1,membrane protein BILF1,protein G10,virion protein G11
150028	G	A	RPMS1	RPMS1,membrane protein BILF1,protein G10,virion protein G11
150172	G	A	RPMS1	RPMS1,membrane protein BILF1,protein G10,virion protein G11
150675	A	G	RPMS1	RPMS1,membrane protein BILF1,protein G10
150750	C	T	RPMS1	RPMS1,membrane protein BILF1,protein G10
150754	G	A	RPMS1	RPMS1,membrane protein BILF1,protein G10
150981	C	T	RPMS1	RPMS1,membrane protein BILF1,protein G10
151110	G	A	RPMS1	RPMS1,membrane protein BILF1,protein G10
151140	G	T	RPMS1	RPMS1,membrane protein BILF1,protein G10
151207	G	A	RPMS1	RPMS1,membrane protein BILF1,protein G10
151644	T	C	RPMS1	RPMS1,membrane protein BILF1,protein G10,DNA polymerase catalytic subunit
151671	C	A	RPMS1	RPMS1,membrane protein BILF1,protein G10,DNA polymerase catalytic subunit
151701	A	G	RPMS1	RPMS1,membrane protein BILF1,DNA polymerase catalytic subunit
151822	A	G	RPMS1	RPMS1,membrane protein BILF1,DNA polymerase catalytic subunit
151943	A	G	RPMS1	RPMS1,membrane protein BILF1,DNA polymerase catalytic subunit
152024	A	G	RPMS1	RPMS1,membrane protein BILF1,DNA polymerase catalytic subunit
152245	T	G	RPMS1	RPMS1,membrane protein BILF1,DNA polymerase catalytic subunit
152612	G	A	RPMS1	RPMS1,membrane protein BILF1,DNA polymerase catalytic subunit
153961	A	C	RPMS1	RPMS1,DNA polymerase catalytic subunit
154078	C	T	RPMS1	RPMS1,DNA polymerase catalytic subunit
154387	T	C	RPMS1	RPMS1,DNA polymerase catalytic subunit
154939	G	A	RPMS1	RPMS1,DNA polymerase catalytic subunit
154972	G	T	RPMS1	RPMS1,DNA polymerase catalytic subunit
155326	G	A	RPMS1	RPMS1,DNA polymerase catalytic subunit
155389	C	T	RPMS1	RPMS1,DNA polymerase catalytic subunit
157359	T	G	RPMS1	RPMS1,A73,DNA packaging terminase subunit 2,envelope glycoprotein B
157428	A	G	RPMS1	RPMS1,A73,DNA packaging terminase subunit 2,envelope glycoprotein B
157467	G	A	RPMS1	RPMS1,A73,DNA packaging terminase subunit 2,envelope glycoprotein B
157535	T	C	RPMS1	RPMS1,A73,DNA packaging terminase subunit 2,envelope glycoprotein B
157557	G	A	RPMS1	RPMS1,A73,DNA packaging terminase subunit 2,envelope glycoprotein B
157578	A	G	RPMS1	RPMS1,A73,DNA packaging terminase subunit 2,envelope glycoprotein B
157598	G	A	RPMS1	RPMS1,A73,DNA packaging terminase subunit 2,envelope glycoprotein B
157619	A	G	RPMS1	RPMS1,A73,DNA packaging terminase subunit 2,envelope glycoprotein B
157626	T	G	RPMS1	RPMS1,A73,DNA packaging terminase subunit 2,envelope glycoprotein B
158016	C	G	RPMS1	RPMS1,A73,DNA packaging terminase subunit 2,envelope glycoprotein B
158808	A	G	RPMS1	RPMS1,A73,DNA packaging terminase subunit 2,envelope glycoprotein B
158947	G	C	RPMS1	RPMS1,A73,DNA packaging terminase subunit 2
159208	T	C	RPMS1	RPMS1,A73,DNA packaging terminase subunit 2,protein BARF0
159220	G	A	RPMS1	RPMS1,A73,DNA packaging terminase subunit 2,protein BARF0
159760	C	G	RPMS1	RPMS1,A73,DNA packaging terminase subunit 2,protein BARF0
159910	G	A	RPMS1	RPMS1,A73,DNA packaging terminase subunit 2,protein BARF0
159960	C	G	RPMS1	RPMS1,A73,DNA packaging terminase subunit 2,protein BARF0
160087	C	T	RPMS1	RPMS1,A73,DNA packaging terminase subunit 2,protein BARF0
160243	C	A	RPMS1	RPMS1,A73,DNA packaging terminase subunit 2,protein BARF0
160249	G	C	RPMS1	RPMS1,A73,DNA packaging terminase subunit 2,protein BARF0
160621	A	G	DNA packaging terminase subunit 2	DNA packaging terminase subunit 2,single-stranded DNA-binding protein
160804	C	T	DNA packaging terminase subunit 2	DNA packaging terminase subunit 2,single-stranded DNA-binding protein
160842	T	C	DNA packaging terminase subunit 2	DNA packaging terminase subunit 2,single-stranded DNA-binding protein
161119	T	C	single-stranded DNA-binding protein	single-stranded DNA-binding protein
161640	G	A	single-stranded DNA-binding protein	single-stranded DNA-binding protein
162675	T	C	single-stranded DNA-binding protein	single-stranded DNA-binding protein
162885	G	A	single-stranded DNA-binding protein	single-stranded DNA-binding protein
162963	A	G	single-stranded DNA-binding protein	single-stranded DNA-binding protein
163458	T	C	single-stranded DNA-binding protein	single-stranded DNA-binding protein
163482	T	G	single-stranded DNA-binding protein	single-stranded DNA-binding protein
163869	C	A	single-stranded DNA-binding protein	single-stranded DNA-binding protein
163916	T	C	single-stranded DNA-binding protein	single-stranded DNA-binding protein
163953	C	T	single-stranded DNA-binding protein	single-stranded DNA-binding protein
164148	G	A	single-stranded DNA-binding protein	single-stranded DNA-binding protein
165736	T	C	intergenic	intergenic
165749	T	G	intergenic	intergenic
165939	G	C	intergenic	intergenic
165953	C	T	intergenic	intergenic
165965	T	C	intergenic	intergenic
166169	T	G	LMP2A	LMP2A
166625	A	C	LMP2A	LMP2A,LMP1,protein BNLF2a,protein BNLF2b
167217	C	A	LMP2A	LMP2A,LMP1
167377	T	C	LMP2A	LMP2A,LMP1
167489	T	G	LMP2A	LMP2A,LMP1
167767	A	T	LMP2A	LMP2A,LMP1
167850	A	G	LMP2A	LMP2A,LMP1
167862	T	C	LMP2A	LMP2A,LMP1
167897	T	A	LMP2A	LMP2A,LMP1
167899	G	T	LMP2A	LMP2A,LMP1
167903	A	T	LMP2A	LMP2A,LMP1
167937	C	T	LMP2A	LMP2A,LMP1
167970	T	G	LMP2A	LMP2A,LMP1
168177	C	G	LMP2A	LMP2A,LMP1
168320	T	C	LMP2A	LMP2A,LMP1
168383	T	C	LMP2A	LMP2A,LMP1
168476	C	A	LMP2A	LMP2A,LMP1
168499	T	G	LMP2A	LMP2A,LMP1
168564	T	C	LMP2A	LMP2A,LMP1
168622	A	T	LMP2A	LMP2A,LMP1
168764	T	G	LMP2A	LMP2A,LMP1
168834	C	T	LMP2A	LMP2A,LMP1
169131	C	G	LMP2A	LMP2A
169215	G	A	LMP2A	LMP2A
169241	T	A	LMP2A	LMP2A
169290	C	G	LMP2A	LMP2A
169385	C	T	LMP2A	LMP2A,LMP2B
169687	T	C	LMP2A	LMP2A,LMP2B
169702	C	T	LMP2A	LMP2A,LMP2B
169726	T	A	LMP2A	LMP2A,LMP2B
169793	G	T	LMP2A	LMP2A,LMP2B
169795	A	G	LMP2A	LMP2A,LMP2B
169801	C	A	LMP2A	LMP2A,LMP2B
169807	T	A	LMP2A	LMP2A,LMP2B
169827	C	A	LMP2A	LMP2A,LMP2B
169831	C	G	LMP2A	LMP2A,LMP2B
169832	G	C	LMP2A	LMP2A,LMP2B
169833	G	C	LMP2A	LMP2A,LMP2B
169853	T	C	LMP2A	LMP2A,LMP2B
169856	T	G	LMP2A	LMP2A,LMP2B
169863	G	A	LMP2A	LMP2A,LMP2B
169879	T	C	LMP2A	LMP2A,LMP2B
169979	G	C	LMP2A	LMP2A,LMP2B
169986	C	G	LMP2A	LMP2A,LMP2B
170013	A	C	LMP2A	LMP2A,LMP2B
170021	A	G	LMP2A	LMP2A,LMP2B
170022	T	C	LMP2A	LMP2A,LMP2B
170109	C	G	LMP2A	LMP2A,LMP2B
170110	G	C	LMP2A	LMP2A,LMP2B
170123	G	A	LMP2A	LMP2A,LMP2B
170178	G	C	LMP2A	LMP2A,LMP2B
170225	T	C	LMP2A	LMP2A,LMP2B
170240	C	T	LMP2A	LMP2A,LMP2B
170264	T	A	LMP2A	LMP2A,LMP2B
170331	G	T	LMP2A	LMP2A,LMP2B
170333	A	G	LMP2A	LMP2A,LMP2B
170339	C	A	LMP2A	LMP2A,LMP2B
170345	T	A	LMP2A	LMP2A,LMP2B
170365	C	A	LMP2A	LMP2A,LMP2B
170369	C	G	LMP2A	LMP2A,LMP2B
170370	G	C	LMP2A	LMP2A,LMP2B
170371	G	C	LMP2A	LMP2A,LMP2B
170391	T	C	LMP2A	LMP2A,LMP2B
170394	T	G	LMP2A	LMP2A,LMP2B
170401	G	A	LMP2A	LMP2A,LMP2B
170417	T	C	LMP2A	LMP2A,LMP2B
170517	G	C	LMP2A	LMP2A,LMP2B
170524	C	G	LMP2A	LMP2A,LMP2B
170551	A	C	LMP2A	LMP2A,LMP2B
170559	A	G	LMP2A	LMP2A,LMP2B
170560	T	C	LMP2A	LMP2A,LMP2B
170647	C	G	LMP2A	LMP2A,LMP2B
170648	G	C	LMP2A	LMP2A,LMP2B
170661	G	A	LMP2A	LMP2A,LMP2B
170697	T	G	LMP2A	LMP2A,LMP2B
170705	G	C	LMP2A	LMP2A,LMP2B
170748	T	C	LMP2A	LMP2A,LMP2B
170763	C	T	LMP2A	LMP2A,LMP2B
170787	T	A	LMP2A	LMP2A,LMP2B
170854	G	T	LMP2A	LMP2A,LMP2B
170856	A	G	LMP2A	LMP2A,LMP2B
170862	C	A	LMP2A	LMP2A,LMP2B
170868	T	A	LMP2A	LMP2A,LMP2B
170888	C	A	LMP2A	LMP2A,LMP2B
170892	C	G	LMP2A	LMP2A,LMP2B
170893	G	C	LMP2A	LMP2A,LMP2B
170894	G	C	LMP2A	LMP2A,LMP2B
170914	T	C	LMP2A	LMP2A,LMP2B
170917	T	G	LMP2A	LMP2A,LMP2B
170924	G	A	LMP2A	LMP2A,LMP2B
170940	T	C	LMP2A	LMP2A,LMP2B
171040	G	C	LMP2A	LMP2A,LMP2B
171047	C	G	LMP2A	LMP2A,LMP2B
171074	A	C	LMP2A	LMP2A,LMP2B
171082	A	G	LMP2A	LMP2A,LMP2B
171083	T	C	LMP2A	LMP2A,LMP2B
171170	C	G	LMP2A	LMP2A,LMP2B
171171	G	C	LMP2A	LMP2A,LMP2B
171184	G	A	LMP2A	LMP2A,LMP2B
37726	C	A	EBNA3B	EBNA1,EBNA3B,EBNA3A,EBNA2,EBNALP
37728	T	G	EBNA3B	EBNA1,EBNA3B,EBNA3A,EBNA2,EBNALP
37729	C	A	EBNA3B	EBNA1,EBNA3B,EBNA3A,EBNA2,EBNALP
37735	C	T	EBNA3B	EBNA1,EBNA3B,EBNA3A,EBNA2,EBNALP
37743	C	T	EBNA3B	EBNA1,EBNA3B,EBNA3A,EBNALP
37750	A	C	EBNA3B	EBNA1,EBNA3B,EBNA3A
37766	C	T	EBNA3B	EBNA1,EBNA3B,EBNA3A
37785	G	A	EBNA3B	EBNA1,EBNA3B,EBNA3A
37805	A	C	EBNA3B	EBNA1,EBNA3B,EBNA3A
37808	A	G	EBNA3B	EBNA1,EBNA3B,EBNA3A
37815	G	T	EBNA3B	EBNA1,EBNA3B,EBNA3A
37819	G	T	EBNA3B	EBNA1,EBNA3B,EBNA3A
37835	T	G	EBNA3B	EBNA1,EBNA3B,EBNA3A
37861	A	G	EBNA3B	EBNA1,EBNA3B,EBNA3A
37880	A	C	EBNA3B	EBNA1,EBNA3B,EBNA3A
37894	C	T	EBNA3B	EBNA1,EBNA3B,EBNA3A
37922	C	T	EBNA3B	EBNA1,EBNA3B,EBNA3A
37955	G	T	EBNA3B	EBNA1,EBNA3B,EBNA3A
37970	C	T	EBNA3B	EBNA1,EBNA3B,EBNA3A
38034	G	C	EBNA3B	EBNA1,EBNA3B,EBNA3A,protein BHLF1
38035	G	A	EBNA3B	EBNA1,EBNA3B,EBNA3A,protein BHLF1
38083	T	G	EBNA3B	EBNA1,EBNA3B,EBNA3A,protein BHLF1
38301	T	A	EBNA3B	EBNA1,EBNA3B,EBNA3A,protein BHLF1
38660	C	T	EBNA3B	EBNA1,EBNA3B,EBNA3A,protein BHLF1
38801	T	A	EBNA3B	EBNA1,EBNA3B,EBNA3A,protein BHLF1
39176	T	A	EBNA3B	EBNA1,EBNA3B,EBNA3A,protein BHLF1
39410	C	T	EBNA3B	EBNA1,EBNA3B,EBNA3A,protein BHLF1
39551	T	A	EBNA3B	EBNA1,EBNA3B,EBNA3A,protein BHLF1
40166	A	C	EBNA3B	EBNA1,EBNA3B,EBNA3A,protein BHLF1
40197	G	A	EBNA3B	EBNA1,EBNA3B,EBNA3A,protein BHLF1
41822	T	C	EBNA3B	EBNA1,EBNA3B,EBNA3A,apoptosis regulator BHRF1
41823	T	C	EBNA3B	EBNA1,EBNA3B,EBNA3A,apoptosis regulator BHRF1
41835	T	C	EBNA3B	EBNA1,EBNA3B,EBNA3A,apoptosis regulator BHRF1
41855	T	C	EBNA3B	EBNA1,EBNA3B,EBNA3A,apoptosis regulator BHRF1
41856	T	C	EBNA3B	EBNA1,EBNA3B,EBNA3A,apoptosis regulator BHRF1
41857	T	C	EBNA3B	EBNA1,EBNA3B,EBNA3A,apoptosis regulator BHRF1
41904	T	C	EBNA3B	EBNA1,EBNA3B,EBNA3A,apoptosis regulator BHRF1
42327	T	C	EBNA3B	EBNA1,EBNA3B,EBNA3A,apoptosis regulator BHRF1
43568	G	T	EBNA3B	EBNA1,EBNA3B,EBNA3A
45403	C	T	EBNA3B	EBNA1,EBNA3B,EBNA3A,DNA packaging protein UL32
46645	G	T	EBNA3B	EBNA1,EBNA3B,EBNA3A,DNA packaging protein UL33,nuclear egress membrane protein
46827	C	T	EBNA3B	EBNA1,EBNA3B,EBNA3A,DNA packaging protein UL33,nuclear egress membrane protein
48025	A	C	EBNA3B	EBNA1,EBNA3B,EBNA3A,DNA packaging protein UL33,nuclear egress membrane protein,protein UL49
48028	G	A	EBNA3B	EBNA1,EBNA3B,EBNA3A,DNA packaging protein UL33,nuclear egress membrane protein,protein UL49
48506	G	T	EBNA3B	EBNA1,EBNA3B,EBNA3A,DNA packaging protein UL33,nuclear egress membrane protein,protein UL49
49677	C	T	EBNA3B	EBNA1,EBNA3B,EBNA3A,DNA packaging protein UL33,nuclear egress membrane protein,protein UL49,small capsid protein
49713	C	A	EBNA3B	EBNA1,EBNA3B,EBNA3A,DNA packaging protein UL33,nuclear egress membrane protein,protein UL49,small capsid protein
49725	A	G	EBNA3B	EBNA1,EBNA3B,EBNA3A,DNA packaging protein UL33,nuclear egress membrane protein,protein UL49,small capsid protein
50882	T	C	EBNA3B	EBNA1,EBNA3B,EBNA3A,tegument protein UL37,large tegument protein,EBNA-1%2C QUK transcript
50885	C	T	EBNA3B	EBNA1,EBNA3B,EBNA3A,tegument protein UL37,large tegument protein,EBNA-1%2C QUK transcript
51034	G	T	EBNA3B	EBNA1,EBNA3B,EBNA3A,tegument protein UL37,large tegument protein,EBNA-1%2C QUK transcript
51153	C	G	EBNA3B	EBNA1,EBNA3B,EBNA3A,tegument protein UL37,large tegument protein,EBNA-1%2C QUK transcript
51394	T	C	EBNA3B	EBNA1,EBNA3B,EBNA3A,tegument protein UL37,large tegument protein,EBNA-1%2C QUK transcript
52403	T	C	EBNA3B	EBNA1,EBNA3B,EBNA3A,tegument protein UL37,large tegument protein,EBNA-1%2C QUK transcript
52808	T	C	EBNA3B	EBNA1,EBNA3B,EBNA3A,tegument protein UL37,large tegument protein,EBNA-1%2C QUK transcript
53411	G	T	EBNA3B	EBNA1,EBNA3B,EBNA3A,tegument protein UL37,large tegument protein,EBNA-1%2C QUK transcript
53772	G	A	EBNA3B	EBNA1,EBNA3B,EBNA3A,tegument protein UL37,large tegument protein,EBNA-1%2C QUK transcript
53774	G	A	EBNA3B	EBNA1,EBNA3B,EBNA3A,tegument protein UL37,large tegument protein,EBNA-1%2C QUK transcript
53816	G	T	EBNA3B	EBNA1,EBNA3B,EBNA3A,tegument protein UL37,large tegument protein,EBNA-1%2C QUK transcript
53873	T	C	EBNA3B	EBNA1,EBNA3B,EBNA3A,tegument protein UL37,large tegument protein,EBNA-1%2C QUK transcript
53948	A	G	EBNA3B	EBNA1,EBNA3B,EBNA3A,tegument protein UL37,large tegument protein,EBNA-1%2C QUK transcript
54137	C	T	EBNA3B	EBNA1,EBNA3B,EBNA3A,tegument protein UL37,large tegument protein,EBNA-1%2C QUK transcript
54364	C	A	EBNA3B	EBNA1,EBNA3B,EBNA3A,tegument protein UL37,large tegument protein,EBNA-1%2C QUK transcript
54521	G	A	EBNA3B	EBNA1,EBNA3B,EBNA3A,tegument protein UL37,large tegument protein,EBNA-1%2C QUK transcript
54635	A	C	EBNA3B	EBNA1,EBNA3B,EBNA3A,tegument protein UL37,large tegument protein,EBNA-1%2C QUK transcript
54657	G	A	EBNA3B	EBNA1,EBNA3B,EBNA3A,tegument protein UL37,large tegument protein,EBNA-1%2C QUK transcript
54957	T	C	EBNA3B	EBNA1,EBNA3B,EBNA3A,tegument protein UL37,large tegument protein,EBNA-1%2C QUK transcript
55297	T	C	EBNA3B	EBNA1,EBNA3B,EBNA3A,tegument protein UL37,large tegument protein,EBNA-1%2C QUK transcript
55619	A	G	EBNA3B	EBNA1,EBNA3B,EBNA3A,tegument protein UL37,large tegument protein,EBNA-1%2C QUK transcript
55745	C	T	EBNA3B	EBNA1,EBNA3B,EBNA3A,tegument protein UL37,large tegument protein,EBNA-1%2C QUK transcript
56150	T	C	EBNA3B	EBNA1,EBNA3B,EBNA3A,tegument protein UL37,large tegument protein,EBNA-1%2C QUK transcript
56269	C	G	EBNA3B	EBNA1,EBNA3B,EBNA3A,tegument protein UL37,large tegument protein,EBNA-1%2C QUK transcript
56432	T	C	EBNA3B	EBNA1,EBNA3B,EBNA3A,tegument protein UL37,large tegument protein,EBNA-1%2C QUK transcript
56456	G	A	EBNA3B	EBNA1,EBNA3B,EBNA3A,tegument protein UL37,large tegument protein,EBNA-1%2C QUK transcript
56485	T	G	EBNA3B	EBNA1,EBNA3B,EBNA3A,tegument protein UL37,large tegument protein,EBNA-1%2C QUK transcript
56511	C	T	EBNA3B	EBNA1,EBNA3B,EBNA3A,tegument protein UL37,large tegument protein,EBNA-1%2C QUK transcript
56514	G	C	EBNA3B	EBNA1,EBNA3B,EBNA3A,tegument protein UL37,large tegument protein,EBNA-1%2C QUK transcript
56555	G	A	EBNA3B	EBNA1,EBNA3B,EBNA3A,tegument protein UL37,large tegument protein,EBNA-1%2C QUK transcript
56582	A	G	EBNA3B	EBNA1,EBNA3B,EBNA3A,tegument protein UL37,large tegument protein,EBNA-1%2C QUK transcript
56586	T	C	EBNA3B	EBNA1,EBNA3B,EBNA3A,tegument protein UL37,large tegument protein,EBNA-1%2C QUK transcript
56701	T	C	EBNA3B	EBNA1,EBNA3B,EBNA3A,tegument protein UL37,large tegument protein,EBNA-1%2C QUK transcript
56854	A	C	EBNA3B	EBNA1,EBNA3B,EBNA3A,tegument protein UL37,large tegument protein,EBNA-1%2C QUK transcript
56950	G	T	EBNA3B	EBNA1,EBNA3B,EBNA3A,tegument protein UL37,large tegument protein,EBNA-1%2C QUK transcript
57161	G	A	EBNA3B	EBNA1,EBNA3B,EBNA3A,tegument protein UL37,large tegument protein,EBNA-1%2C QUK transcript
57367	G	A	EBNA3B	EBNA1,EBNA3B,EBNA3A,tegument protein UL37,large tegument protein,EBNA-1%2C QUK transcript
57373	G	T	EBNA3B	EBNA1,EBNA3B,EBNA3A,tegument protein UL37,large tegument protein,EBNA-1%2C QUK transcript
57423	G	T	EBNA3B	EBNA1,EBNA3B,EBNA3A,tegument protein UL37,large tegument protein,EBNA-1%2C QUK transcript
57497	T	C	EBNA3B	EBNA1,EBNA3B,EBNA3A,tegument protein UL37,large tegument protein,EBNA-1%2C QUK transcript
57530	A	G	EBNA3B	EBNA1,EBNA3B,EBNA3A,tegument protein UL37,large tegument protein,EBNA-1%2C QUK transcript
57549	G	T	EBNA3B	EBNA1,EBNA3B,EBNA3A,tegument protein UL37,large tegument protein,EBNA-1%2C QUK transcript
57553	T	G	EBNA3B	EBNA1,EBNA3B,EBNA3A,tegument protein UL37,large tegument protein,EBNA-1%2C QUK transcript
57568	G	T	EBNA3B	EBNA1,EBNA3B,EBNA3A,tegument protein UL37,large tegument protein,EBNA-1%2C QUK transcript
57569	A	T	EBNA3B	EBNA1,EBNA3B,EBNA3A,tegument protein UL37,large tegument protein,EBNA-1%2C QUK transcript
57570	A	G	EBNA3B	EBNA1,EBNA3B,EBNA3A,tegument protein UL37,large tegument protein,EBNA-1%2C QUK transcript
57573	A	G	EBNA3B	EBNA1,EBNA3B,EBNA3A,tegument protein UL37,large tegument protein,EBNA-1%2C QUK transcript
57575	T	A	EBNA3B	EBNA1,EBNA3B,EBNA3A,tegument protein UL37,large tegument protein,EBNA-1%2C QUK transcript
57643	T	C	EBNA3B	EBNA1,EBNA3B,EBNA3A,tegument protein UL37,large tegument protein,EBNA-1%2C QUK transcript
57697	T	C	EBNA3B	EBNA1,EBNA3B,EBNA3A,tegument protein UL37,large tegument protein,EBNA-1%2C QUK transcript
57798	T	C	EBNA3B	EBNA1,EBNA3B,EBNA3A,tegument protein UL37,large tegument protein,EBNA-1%2C QUK transcript
58027	T	C	EBNA3B	EBNA1,EBNA3B,EBNA3A,tegument protein UL37,large tegument protein,EBNA-1%2C QUK transcript
58169	G	A	EBNA3B	EBNA1,EBNA3B,EBNA3A,tegument protein UL37,large tegument protein,EBNA-1%2C QUK transcript
60049	A	G	EBNA3B	EBNA1,EBNA3B,EBNA3A,tegument protein UL37,EBNA-1%2C QUK transcript
61168	T	C	EBNA3B	EBNA1,EBNA3B,EBNA3A,tegument protein UL37,EBNA-1%2C QUK transcript
61260	T	C	EBNA3B	EBNA1,EBNA3B,EBNA3A,tegument protein UL37,EBNA-1%2C QUK transcript
61278	T	C	EBNA3B	EBNA1,EBNA3B,EBNA3A,tegument protein UL37,EBNA-1%2C QUK transcript
61431	G	A	EBNA3B	EBNA1,EBNA3B,EBNA3A,tegument protein UL37,EBNA-1%2C QUK transcript
61580	G	T	EBNA3B	EBNA1,EBNA3B,EBNA3A,tegument protein UL37,EBNA-1%2C QUK transcript
62121	C	T	EBNA3B	EBNA1,EBNA3B,EBNA3A,tegument protein UL37,EBNA-1%2C QUK transcript
62169	A	G	EBNA3B	EBNA1,EBNA3B,EBNA3A,tegument protein UL37,EBNA-1%2C QUK transcript
62501	C	T	EBNA3B	EBNA1,EBNA3B,EBNA3A,tegument protein UL37,EBNA-1%2C QUK transcript
62592	T	G	EBNA3B	EBNA1,EBNA3B,EBNA3A,tegument protein UL37,EBNA-1%2C QUK transcript
62769	C	T	EBNA3B	EBNA1,EBNA3B,EBNA3A,tegument protein UL37,EBNA-1%2C QUK transcript,capsid triplex subunit 1
62892	T	C	EBNA3B	EBNA1,EBNA3B,EBNA3A,tegument protein UL37,EBNA-1%2C QUK transcript,capsid triplex subunit 1
62924	T	C	EBNA3B	EBNA1,EBNA3B,EBNA3A,tegument protein UL37,EBNA-1%2C QUK transcript,capsid triplex subunit 1
63264	C	A	EBNA3B	EBNA1,EBNA3B,EBNA3A,EBNA-1%2C QUK transcript,capsid triplex subunit 1
63689	T	G	EBNA3B	EBNA1,EBNA3B,EBNA3A,EBNA-1%2C QUK transcript,capsid triplex subunit 1
63864	T	C	EBNA3B	EBNA1,EBNA3B,EBNA3A,EBNA-1%2C QUK transcript,capsid triplex subunit 1
63897	A	G	EBNA3B	EBNA1,EBNA3B,EBNA3A,EBNA-1%2C QUK transcript,capsid triplex subunit 1,ribonucleotide reductase subunit 1
64139	C	T	EBNA3B	EBNA1,EBNA3B,EBNA3A,EBNA-1%2C QUK transcript,capsid triplex subunit 1,ribonucleotide reductase subunit 1
64217	C	A	EBNA3B	EBNA1,EBNA3B,EBNA3A,EBNA-1%2C QUK transcript,capsid triplex subunit 1,ribonucleotide reductase subunit 1
64862	T	C	EBNA3B	EBNA1,EBNA3B,EBNA3A,EBNA-1%2C QUK transcript,capsid triplex subunit 1,ribonucleotide reductase subunit 1
64872	A	C	EBNA3B	EBNA1,EBNA3B,EBNA3A,EBNA-1%2C QUK transcript,capsid triplex subunit 1,ribonucleotide reductase subunit 1
64883	T	C	EBNA3B	EBNA1,EBNA3B,EBNA3A,EBNA-1%2C QUK transcript,capsid triplex subunit 1,ribonucleotide reductase subunit 1
65024	G	T	EBNA3B	EBNA1,EBNA3B,EBNA3A,EBNA-1%2C QUK transcript,capsid triplex subunit 1,ribonucleotide reductase subunit 1
65273	C	T	EBNA3B	EBNA1,EBNA3B,EBNA3A,EBNA-1%2C QUK transcript,capsid triplex subunit 1,ribonucleotide reductase subunit 1
69102	C	T	EBNA3B	EBNA1,EBNA3B,EBNA3A,EBNA-1%2C QUK transcript,ribonucleotide reductase subunit 2,DNA polymerase processivity subunit,envelope protein UL43
69670	A	T	EBNA3B	EBNA1,EBNA3B,EBNA3A,EBNA-1%2C QUK transcript,ribonucleotide reductase subunit 2,DNA polymerase processivity subunit,envelope protein UL43
71277	C	G	EBNA3B	EBNA1,EBNA3B,EBNA3A,EBNA-1%2C QUK transcript,helicase-primase primase subunit,multifunctional expression regulator
71690	C	T	EBNA3B	EBNA1,EBNA3B,EBNA3A,EBNA-1%2C QUK transcript,helicase-primase primase subunit,multifunctional expression regulator
71780	G	T	EBNA3B	EBNA1,EBNA3B,EBNA3A,EBNA-1%2C QUK transcript,helicase-primase primase subunit,multifunctional expression regulator
73090	A	G	EBNA3B	EBNA1,EBNA3B,EBNA3A,EBNA-1%2C QUK transcript,helicase-primase primase subunit
73265	T	C	EBNA3B	EBNA1,EBNA3B,EBNA3A,EBNA-1%2C QUK transcript,helicase-primase primase subunit
73523	G	A	EBNA3B	EBNA1,EBNA3B,EBNA3A,EBNA-1%2C QUK transcript,helicase-primase primase subunit
73726	T	C	EBNA3B	EBNA1,EBNA3B,EBNA3A,EBNA-1%2C QUK transcript,helicase-primase primase subunit
73874	C	T	EBNA3B	EBNA1,EBNA3B,EBNA3A,EBNA-1%2C QUK transcript,helicase-primase primase subunit
73889	T	C	EBNA3B	EBNA1,EBNA3B,EBNA3A,EBNA-1%2C QUK transcript,helicase-primase primase subunit
74222	T	C	EBNA3B	EBNA1,EBNA3B,EBNA3A,EBNA-1%2C QUK transcript,helicase-primase primase subunit
74854	T	C	EBNA3B	EBNA1,EBNA3B,EBNA3A,EBNA-1%2C QUK transcript,tegument protein UL51
75430	T	C	EBNA3B	EBNA1,EBNA3B,EBNA3A,EBNA-1%2C QUK transcript,deoxyuridine triphosphatase
75448	T	C	EBNA3B	EBNA1,EBNA3B,EBNA3A,EBNA-1%2C QUK transcript,deoxyuridine triphosphatase
76604	T	C	EBNA3B	EBNA1,EBNA3B,EBNA3A,EBNA-1%2C QUK transcript,envelope glycoprotein N,virion protein G52
76762	A	G	EBNA3B	EBNA1,EBNA3B,EBNA3A,EBNA-1%2C QUK transcript,envelope glycoprotein N,virion protein G52
76909	T	G	EBNA3B	EBNA1,EBNA3B,EBNA3A,EBNA-1%2C QUK transcript,envelope glycoprotein N,virion protein G52
76918	T	A	EBNA3B	EBNA1,EBNA3B,EBNA3A,EBNA-1%2C QUK transcript,envelope glycoprotein N,virion protein G52
77056	C	T	EBNA3B	EBNA1,EBNA3B,EBNA3A,EBNA-1%2C QUK transcript,envelope glycoprotein N,virion protein G52
77131	T	C	EBNA3B	EBNA1,EBNA3B,EBNA3A,EBNA-1%2C QUK transcript
77196	A	C	EBNA3B	EBNA1,EBNA3B,EBNA3A,EBNA-1%2C QUK transcript,glycoprotein 350,protein BLLF2
77211	A	G	EBNA3B	EBNA1,EBNA3B,EBNA3A,EBNA-1%2C QUK transcript,glycoprotein 350,protein BLLF2
77325	T	A	EBNA3B	EBNA1,EBNA3B,EBNA3A,EBNA-1%2C QUK transcript,glycoprotein 350,protein BLLF2
77432	G	T	EBNA3B	EBNA1,EBNA3B,EBNA3A,EBNA-1%2C QUK transcript,glycoprotein 350,protein BLLF2
77606	G	T	EBNA3B	EBNA1,EBNA3B,EBNA3A,EBNA-1%2C QUK transcript,glycoprotein 350,protein BLLF2
77703	T	C	EBNA3B	EBNA1,EBNA3B,EBNA3A,EBNA-1%2C QUK transcript,glycoprotein 350,protein BLLF2
77737	A	G	EBNA3B	EBNA1,EBNA3B,EBNA3A,EBNA-1%2C QUK transcript,glycoprotein 350,protein BLLF2
77849	G	A	EBNA3B	EBNA1,EBNA3B,EBNA3A,EBNA-1%2C QUK transcript,glycoprotein 350
77851	T	A	EBNA3B	EBNA1,EBNA3B,EBNA3A,EBNA-1%2C QUK transcript,glycoprotein 350
77941	T	G	EBNA3B	EBNA1,EBNA3B,EBNA3A,EBNA-1%2C QUK transcript,glycoprotein 350
77963	G	A	EBNA3B	EBNA1,EBNA3B,EBNA3A,EBNA-1%2C QUK transcript,glycoprotein 350
77979	G	T	EBNA3B	EBNA1,EBNA3B,EBNA3A,EBNA-1%2C QUK transcript,glycoprotein 350
77993	C	T	EBNA3B	EBNA1,EBNA3B,EBNA3A,EBNA-1%2C QUK transcript,glycoprotein 350
78021	A	G	EBNA3B	EBNA1,EBNA3B,EBNA3A,EBNA-1%2C QUK transcript,glycoprotein 350
78029	C	T	EBNA3B	EBNA1,EBNA3B,EBNA3A,EBNA-1%2C QUK transcript,glycoprotein 350
78069	G	A	EBNA3B	EBNA1,EBNA3B,EBNA3A,EBNA-1%2C QUK transcript,glycoprotein 350
78091	C	A	EBNA3B	EBNA1,EBNA3B,EBNA3A,EBNA-1%2C QUK transcript,glycoprotein 350
78146	A	G	EBNA3B	EBNA1,EBNA3B,EBNA3A,EBNA-1%2C QUK transcript,glycoprotein 350
78192	A	G	EBNA3B	EBNA1,EBNA3B,EBNA3A,EBNA-1%2C QUK transcript,glycoprotein 350
78341	A	G	EBNA3B	EBNA1,EBNA3B,EBNA3A,EBNA-1%2C QUK transcript,glycoprotein 350
78383	A	G	EBNA3B	EBNA1,EBNA3B,EBNA3A,EBNA-1%2C QUK transcript,glycoprotein 350
78544	T	G	EBNA3B	EBNA1,EBNA3B,EBNA3A,EBNA-1%2C QUK transcript,glycoprotein 350
79026	G	T	EBNA3B	EBNA1,EBNA3B,EBNA3A,EBNA-1%2C QUK transcript,glycoprotein 350
79299	C	T	EBNA3B	EBNA1,EBNA3B,EBNA3A,EBNA-1%2C QUK transcript,glycoprotein 350
79344	C	T	EBNA3B	EBNA1,EBNA3B,EBNA3A,EBNA-1%2C QUK transcript,glycoprotein 350
79410	C	T	EBNA3B	EBNA1,EBNA3B,EBNA3A,EBNA-1%2C QUK transcript,glycoprotein 350
79416	C	T	EBNA3B	EBNA1,EBNA3B,EBNA3A,EBNA-1%2C QUK transcript,glycoprotein 350
79419	G	T	EBNA3B	EBNA1,EBNA3B,EBNA3A,EBNA-1%2C QUK transcript,glycoprotein 350
79455	T	G	EBNA3B	EBNA1,EBNA3B,EBNA3A,EBNA-1%2C QUK transcript,glycoprotein 350
79523	C	T	EBNA3B	EBNA1,EBNA3B,EBNA3A,EBNA-1%2C QUK transcript,glycoprotein 350
79650	C	T	EBNA3B	EBNA1,EBNA3B,EBNA3A,EBNA-1%2C QUK transcript,glycoprotein 350
79666	T	A	EBNA3B	EBNA1,EBNA3B,EBNA3A,EBNA-1%2C QUK transcript,glycoprotein 350
79682	C	T	EBNA3B	EBNA1,EBNA3B,EBNA3A,EBNA-1%2C QUK transcript,glycoprotein 350
79688	G	T	EBNA3B	EBNA1,EBNA3B,EBNA3A,EBNA-1%2C QUK transcript,glycoprotein 350
79723	A	G	EBNA3B	EBNA1,EBNA3B,EBNA3A,EBNA-1%2C QUK transcript,glycoprotein 350
79752	T	C	EBNA3B	EBNA1,EBNA3B,EBNA3A,EBNA-1%2C QUK transcript,glycoprotein 350
79754	T	C	EBNA3B	EBNA1,EBNA3B,EBNA3A,EBNA-1%2C QUK transcript,glycoprotein 350
79755	G	T	EBNA3B	EBNA1,EBNA3B,EBNA3A,EBNA-1%2C QUK transcript,glycoprotein 350
79774	G	A	EBNA3B	EBNA1,EBNA3B,EBNA3A,EBNA-1%2C QUK transcript,glycoprotein 350
79803	T	A	EBNA3B	EBNA1,EBNA3B,EBNA3A,EBNA-1%2C QUK transcript,glycoprotein 350
79808	C	G	EBNA3B	EBNA1,EBNA3B,EBNA3A,EBNA-1%2C QUK transcript,glycoprotein 350
79815	A	T	EBNA3B	EBNA1,EBNA3B,EBNA3A,EBNA-1%2C QUK transcript,glycoprotein 350
79821	C	A	EBNA3B	EBNA1,EBNA3B,EBNA3A,EBNA-1%2C QUK transcript,glycoprotein 350
79872	G	A	EBNA3B	EBNA1,EBNA3B,EBNA3A,EBNA-1%2C QUK transcript,glycoprotein 350
79893	T	C	EBNA3B	EBNA1,EBNA3B,EBNA3A,EBNA-1%2C QUK transcript,glycoprotein 350
79908	A	G	EBNA3B	EBNA1,EBNA3B,EBNA3A,EBNA-1%2C QUK transcript
79942	T	C	EBNA3B	EBNA1,EBNA3B,EBNA3A,EBNA-1%2C QUK transcript
79977	C	T	EBNA3B	EBNA1,EBNA3B,EBNA3A,EBNA-1%2C QUK transcript
79986	T	C	EBNA3B	EBNA1,EBNA3B,EBNA3A,EBNA-1%2C QUK transcript
80011	C	A	EBNA3B	EBNA1,EBNA3B,EBNA3A,EBNA-1%2C QUK transcript
80025	T	G	EBNA3B	EBNA1,EBNA3B,EBNA3A,EBNA-1%2C QUK transcript
80029	G	T	EBNA3B	EBNA1,EBNA3B,EBNA3A,EBNA-1%2C QUK transcript
80037	A	G	EBNA3B	EBNA1,EBNA3B,EBNA3A,EBNA-1%2C QUK transcript
80040	T	C	EBNA3B	EBNA1,EBNA3B,EBNA3A,EBNA-1%2C QUK transcript
80041	A	G	EBNA3B	EBNA1,EBNA3B,EBNA3A,EBNA-1%2C QUK transcript
80044	G	T	EBNA3B	EBNA1,EBNA3B,EBNA3A,EBNA-1%2C QUK transcript
80046	C	A	EBNA3B	EBNA1,EBNA3B,EBNA3A,EBNA-1%2C QUK transcript
80075	T	A	EBNA3B	EBNA1,EBNA3B,EBNA3A,EBNA-1%2C QUK transcript
80096	A	G	EBNA3B	EBNA1,EBNA3B,EBNA3A,EBNA-1%2C QUK transcript
80125	G	A	EBNA3B	EBNA1,EBNA3B,EBNA3A,EBNA-1%2C QUK transcript
80126	G	T	EBNA3B	EBNA1,EBNA3B,EBNA3A,EBNA-1%2C QUK transcript
80133	A	G	EBNA3B	EBNA1,EBNA3B,EBNA3A,EBNA-1%2C QUK transcript
80139	C	A	EBNA3B	EBNA1,EBNA3B,EBNA3A,EBNA-1%2C QUK transcript
80140	G	A	EBNA3B	EBNA1,EBNA3B,EBNA3A,EBNA-1%2C QUK transcript
80149	G	A	EBNA3B	EBNA1,EBNA3B,EBNA3A,EBNA-1%2C QUK transcript
80159	C	G	EBNA3B	EBNA1,EBNA3B,EBNA3A,EBNA-1%2C QUK transcript
80173	G	T	EBNA3B	EBNA1,EBNA3B,EBNA3A,EBNA-1%2C QUK transcript
80187	G	A	EBNA3B	EBNA1,EBNA3B,EBNA3A,EBNA-1%2C QUK transcript
80190	C	A	EBNA3B	EBNA1,EBNA3B,EBNA3A,EBNA-1%2C QUK transcript
80192	A	G	EBNA3B	EBNA1,EBNA3B,EBNA3A,EBNA-1%2C QUK transcript
80196	T	C	EBNA3B	EBNA1,EBNA3B,EBNA3A,EBNA-1%2C QUK transcript
80200	A	C	EBNA3B	EBNA1,EBNA3B,EBNA3A,EBNA-1%2C QUK transcript
80203	C	T	EBNA3B	EBNA1,EBNA3B,EBNA3A,EBNA-1%2C QUK transcript
80208	C	T	EBNA3B	EBNA1,EBNA3B,EBNA3A,EBNA-1%2C QUK transcript
80214	T	A	EBNA3B	EBNA1,EBNA3B,EBNA3A,EBNA-1%2C QUK transcript
80221	G	T	EBNA3B	EBNA1,EBNA3B,EBNA3A,EBNA-1%2C QUK transcript
80237	C	T	EBNA3B	EBNA1,EBNA3B,EBNA3A,EBNA-1%2C QUK transcript
80238	G	A	EBNA3B	EBNA1,EBNA3B,EBNA3A,EBNA-1%2C QUK transcript
80248	A	G	EBNA3B	EBNA1,EBNA3B,EBNA3A,EBNA-1%2C QUK transcript
80255	C	T	EBNA3B	EBNA1,EBNA3B,EBNA3A,EBNA-1%2C QUK transcript
80262	C	G	EBNA3B	EBNA1,EBNA3B,EBNA3A,EBNA-1%2C QUK transcript
80263	A	G	EBNA3B	EBNA1,EBNA3B,EBNA3A,EBNA-1%2C QUK transcript
80264	C	T	EBNA3B	EBNA1,EBNA3B,EBNA3A,EBNA-1%2C QUK transcript
80267	C	A	EBNA3B	EBNA1,EBNA3B,EBNA3A,EBNA-1%2C QUK transcript
80275	G	A	EBNA3B	EBNA1,EBNA3B,EBNA3A,EBNA-1%2C QUK transcript
80287	G	A	EBNA3B	EBNA1,EBNA3B,EBNA3A,EBNA-1%2C QUK transcript
80300	A	T	EBNA3B	EBNA1,EBNA3B,EBNA3A,EBNA-1%2C QUK transcript
80312	T	C	EBNA3B	EBNA1,EBNA3B,EBNA3A,EBNA-1%2C QUK transcript
80314	A	G	EBNA3B	EBNA1,EBNA3B,EBNA3A,EBNA-1%2C QUK transcript
80334	A	G	EBNA3B	EBNA1,EBNA3B,EBNA3A,EBNA-1%2C QUK transcript
80341	A	G	EBNA3B	EBNA1,EBNA3B,EBNA3A,EBNA-1%2C QUK transcript
80360	A	G	EBNA3B	EBNA1,EBNA3B,EBNA3A,EBNA-1%2C QUK transcript
80383	G	A	EBNA3B	EBNA1,EBNA3B,EBNA3A,EBNA-1%2C QUK transcript
80385	A	C	EBNA3B	EBNA1,EBNA3B,EBNA3A,EBNA-1%2C QUK transcript
80386	T	C	EBNA3B	EBNA1,EBNA3B,EBNA3A,EBNA-1%2C QUK transcript
80393	A	G	EBNA3B	EBNA1,EBNA3B,EBNA3A,EBNA-1%2C QUK transcript
80438	G	C	EBNA3B	EBNA1,EBNA3B,EBNA3A,EBNA-1%2C QUK transcript
80439	A	C	EBNA3B	EBNA1,EBNA3B,EBNA3A,EBNA-1%2C QUK transcript
80445	A	G	EBNA3B	EBNA1,EBNA3B,EBNA3A,EBNA-1%2C QUK transcript
80492	A	G	EBNA3B	EBNA1,EBNA3B,EBNA3A,EBNA-1%2C QUK transcript
80511	G	A	EBNA3B	EBNA1,EBNA3B,EBNA3A,EBNA-1%2C QUK transcript
80512	A	G	EBNA3B	EBNA1,EBNA3B,EBNA3A,EBNA-1%2C QUK transcript
80518	C	T	EBNA3B	EBNA1,EBNA3B,EBNA3A,EBNA-1%2C QUK transcript
80529	C	A	EBNA3B	EBNA1,EBNA3B,EBNA3A,EBNA-1%2C QUK transcript
80532	C	A	EBNA3B	EBNA1,EBNA3B,EBNA3A,EBNA-1%2C QUK transcript
80533	A	C	EBNA3B	EBNA1,EBNA3B,EBNA3A,EBNA-1%2C QUK transcript
80534	A	C	EBNA3B	EBNA1,EBNA3B,EBNA3A,EBNA-1%2C QUK transcript
80546	C	T	EBNA3B	EBNA1,EBNA3B,EBNA3A,EBNA-1%2C QUK transcript
80549	A	T	EBNA3B	EBNA1,EBNA3B,EBNA3A,EBNA-1%2C QUK transcript
80576	C	T	EBNA3B	EBNA1,EBNA3B,EBNA3A,EBNA-1%2C QUK transcript
80602	A	C	EBNA3B	EBNA1,EBNA3B,EBNA3A,EBNA-1%2C QUK transcript
80607	A	G	EBNA3B	EBNA1,EBNA3B,EBNA3A,EBNA-1%2C QUK transcript
80608	C	T	EBNA3B	EBNA1,EBNA3B,EBNA3A,EBNA-1%2C QUK transcript
80613	C	G	EBNA3B	EBNA1,EBNA3B,EBNA3A,EBNA-1%2C QUK transcript
80618	A	G	EBNA3B	EBNA1,EBNA3B,EBNA3A,EBNA-1%2C QUK transcript
80619	T	A	EBNA3B	EBNA1,EBNA3B,EBNA3A,EBNA-1%2C QUK transcript
80622	G	A	EBNA3B	EBNA1,EBNA3B,EBNA3A,EBNA-1%2C QUK transcript
80630	C	G	EBNA3B	EBNA1,EBNA3B,EBNA3A,EBNA-1%2C QUK transcript
80639	A	T	EBNA3B	EBNA1,EBNA3B,EBNA3A,EBNA-1%2C QUK transcript
80649	A	G	EBNA3B	EBNA1,EBNA3B,EBNA3A,EBNA-1%2C QUK transcript
80652	G	A	EBNA3B	EBNA1,EBNA3B,EBNA3A,EBNA-1%2C QUK transcript
80669	C	T	EBNA3B	EBNA1,EBNA3B,EBNA3A,EBNA-1%2C QUK transcript
80681	C	T	EBNA3B	EBNA1,EBNA3B,EBNA3A,EBNA-1%2C QUK transcript
80695	A	G	EBNA3B	EBNA1,EBNA3B,EBNA3A,EBNA-1%2C QUK transcript
80698	T	C	EBNA3B	EBNA1,EBNA3B,EBNA3A,EBNA-1%2C QUK transcript
80710	C	G	EBNA3B	EBNA1,EBNA3B,EBNA3A,EBNA-1%2C QUK transcript
80711	C	T	EBNA3B	EBNA1,EBNA3B,EBNA3A,EBNA-1%2C QUK transcript
80745	T	C	EBNA3B	EBNA1,EBNA3B,EBNA3A,EBNA-1%2C QUK transcript
80746	C	G	EBNA3B	EBNA1,EBNA3B,EBNA3A,EBNA-1%2C QUK transcript
80754	A	G	EBNA3B	EBNA1,EBNA3B,EBNA3A,EBNA-1%2C QUK transcript
80757	A	C	EBNA3B	EBNA1,EBNA3B,EBNA3A,EBNA-1%2C QUK transcript
80762	A	G	EBNA3B	EBNA1,EBNA3B,EBNA3A,EBNA-1%2C QUK transcript
80768	C	T	EBNA3B	EBNA1,EBNA3B,EBNA3A,EBNA-1%2C QUK transcript
80770	G	C	EBNA3B	EBNA1,EBNA3B,EBNA3A,EBNA-1%2C QUK transcript
80777	C	A	EBNA3B	EBNA1,EBNA3B,EBNA3A,EBNA-1%2C QUK transcript
80778	C	T	EBNA3B	EBNA1,EBNA3B,EBNA3A,EBNA-1%2C QUK transcript
80801	T	C	EBNA3B	EBNA1,EBNA3B,EBNA3A,EBNA-1%2C QUK transcript
80807	T	C	EBNA3B	EBNA1,EBNA3B,EBNA3A,EBNA-1%2C QUK transcript
80813	C	T	EBNA3B	EBNA1,EBNA3B,EBNA3A,EBNA-1%2C QUK transcript
80837	G	T	EBNA3B	EBNA1,EBNA3B,EBNA3A,EBNA-1%2C QUK transcript
80843	T	G	EBNA3B	EBNA1,EBNA3B,EBNA3A,EBNA-1%2C QUK transcript
80844	T	G	EBNA3B	EBNA1,EBNA3B,EBNA3A,EBNA-1%2C QUK transcript
80855	C	T	EBNA3B	EBNA1,EBNA3B,EBNA3A,EBNA-1%2C QUK transcript
80865	T	A	EBNA3B	EBNA1,EBNA3B,EBNA3A,EBNA-1%2C QUK transcript
80882	A	G	EBNA3B	EBNA1,EBNA3B,EBNA3A,EBNA-1%2C QUK transcript
80885	A	C	EBNA3B	EBNA1,EBNA3B,EBNA3A,EBNA-1%2C QUK transcript
80894	G	A	EBNA3B	EBNA1,EBNA3B,EBNA3A,EBNA-1%2C QUK transcript
80895	A	C	EBNA3B	EBNA1,EBNA3B,EBNA3A,EBNA-1%2C QUK transcript
80897	A	C	EBNA3B	EBNA1,EBNA3B,EBNA3A,EBNA-1%2C QUK transcript
80903	T	G	EBNA3B	EBNA1,EBNA3B,EBNA3A,EBNA-1%2C QUK transcript
80907	T	G	EBNA3B	EBNA1,EBNA3B,EBNA3A,EBNA-1%2C QUK transcript
80908	C	T	EBNA3B	EBNA1,EBNA3B,EBNA3A,EBNA-1%2C QUK transcript
80912	T	C	EBNA3B	EBNA1,EBNA3B,EBNA3A,EBNA-1%2C QUK transcript
80931	G	T	EBNA3B	EBNA1,EBNA3B,EBNA3A,EBNA-1%2C QUK transcript
80937	C	T	EBNA3B	EBNA1,EBNA3B,EBNA3A,EBNA-1%2C QUK transcript
80955	C	G	EBNA3B	EBNA1,EBNA3B,EBNA3A,EBNA-1%2C QUK transcript
80969	C	G	EBNA3B	EBNA1,EBNA3B,EBNA3A,EBNA-1%2C QUK transcript
80975	C	G	EBNA3B	EBNA1,EBNA3B,EBNA3A,EBNA-1%2C QUK transcript
80987	G	A	EBNA3B	EBNA1,EBNA3B,EBNA3A,EBNA-1%2C QUK transcript
81017	T	G	EBNA3B	EBNA1,EBNA3B,EBNA3A,EBNA-1%2C QUK transcript
81026	T	G	EBNA3B	EBNA1,EBNA3B,EBNA3A,EBNA-1%2C QUK transcript
81035	T	C	EBNA3B	EBNA1,EBNA3B,EBNA3A,EBNA-1%2C QUK transcript
81039	A	C	EBNA3B	EBNA1,EBNA3B,EBNA3A,EBNA-1%2C QUK transcript
81040	T	A	EBNA3B	EBNA1,EBNA3B,EBNA3A,EBNA-1%2C QUK transcript
81062	G	A	EBNA3B	EBNA1,EBNA3B,EBNA3A,EBNA-1%2C QUK transcript
81070	T	G	EBNA3B	EBNA1,EBNA3B,EBNA3A,EBNA-1%2C QUK transcript
81084	G	T	EBNA3B	EBNA1,EBNA3B,EBNA3A,EBNA-1%2C QUK transcript
81092	G	A	EBNA3B	EBNA1,EBNA3B,EBNA3A,EBNA-1%2C QUK transcript
81095	A	G	EBNA3B	EBNA1,EBNA3B,EBNA3A,EBNA-1%2C QUK transcript
81113	G	A	EBNA3B	EBNA1,EBNA3B,EBNA3A,EBNA-1%2C QUK transcript
81125	A	G	EBNA3B	EBNA1,EBNA3B,EBNA3A,EBNA-1%2C QUK transcript
81137	T	A	EBNA3B	EBNA1,EBNA3B,EBNA3A,EBNA-1%2C QUK transcript
81144	T	C	EBNA3B	EBNA1,EBNA3B,EBNA3A,EBNA-1%2C QUK transcript
81147	A	G	EBNA3B	EBNA1,EBNA3B,EBNA3A,EBNA-1%2C QUK transcript
81158	A	G	EBNA3B	EBNA1,EBNA3B,EBNA3A,EBNA-1%2C QUK transcript
81160	G	A	EBNA3B	EBNA1,EBNA3B,EBNA3A,EBNA-1%2C QUK transcript
81165	C	A	EBNA3B	EBNA1,EBNA3B,EBNA3A,EBNA-1%2C QUK transcript
81171	G	C	EBNA3B	EBNA1,EBNA3B,EBNA3A,EBNA-1%2C QUK transcript
81172	T	A	EBNA3B	EBNA1,EBNA3B,EBNA3A,EBNA-1%2C QUK transcript
81175	A	G	EBNA3B	EBNA1,EBNA3B,EBNA3A,EBNA-1%2C QUK transcript
81192	A	T	EBNA3B	EBNA1,EBNA3B,EBNA3A,EBNA-1%2C QUK transcript
81200	T	C	EBNA3B	EBNA1,EBNA3B,EBNA3A,EBNA-1%2C QUK transcript
81216	C	T	EBNA3B	EBNA1,EBNA3B,EBNA3A,EBNA-1%2C QUK transcript
81234	C	G	EBNA3B	EBNA1,EBNA3B,EBNA3A,EBNA-1%2C QUK transcript
81238	C	A	EBNA3B	EBNA1,EBNA3B,EBNA3A,EBNA-1%2C QUK transcript
81239	A	G	EBNA3B	EBNA1,EBNA3B,EBNA3A,EBNA-1%2C QUK transcript
81244	A	G	EBNA3B	EBNA1,EBNA3B,EBNA3A,EBNA-1%2C QUK transcript
81247	G	C	EBNA3B	EBNA1,EBNA3B,EBNA3A,EBNA-1%2C QUK transcript
81250	A	G	EBNA3B	EBNA1,EBNA3B,EBNA3A,EBNA-1%2C QUK transcript
81255	G	A	EBNA3B	EBNA1,EBNA3B,EBNA3A,EBNA-1%2C QUK transcript
81256	T	C	EBNA3B	EBNA1,EBNA3B,EBNA3A,EBNA-1%2C QUK transcript
81262	A	C	EBNA3B	EBNA1,EBNA3B,EBNA3A,EBNA-1%2C QUK transcript
81263	A	G	EBNA3B	EBNA1,EBNA3B,EBNA3A,EBNA-1%2C QUK transcript
81271	G	C	EBNA3B	EBNA1,EBNA3B,EBNA3A,EBNA-1%2C QUK transcript
81273	G	A	EBNA3B	EBNA1,EBNA3B,EBNA3A,EBNA-1%2C QUK transcript
81276	A	C	EBNA3B	EBNA1,EBNA3B,EBNA3A,EBNA-1%2C QUK transcript
81302	T	A	EBNA3B	EBNA1,EBNA3B,EBNA3A,EBNA-1%2C QUK transcript
81307	C	A	EBNA3B	EBNA1,EBNA3B,EBNA3A,EBNA-1%2C QUK transcript
81329	A	G	EBNA3B	EBNA1,EBNA3B,EBNA3A,EBNA-1%2C QUK transcript
81336	G	T	EBNA3B	EBNA1,EBNA3B,EBNA3A,EBNA-1%2C QUK transcript
81338	C	T	EBNA3B	EBNA1,EBNA3B,EBNA3A,EBNA-1%2C QUK transcript
8059	G	A	intergenic	intergenic
8122	T	C	intergenic	intergenic
8128	C	T	intergenic	intergenic
8275	T	G	intergenic	intergenic
8689	G	A	intergenic	intergenic
8953	C	T	intergenic	intergenic
9062	A	G	intergenic	intergenic
9097	A	G	intergenic	intergenic
9137	C	A	intergenic	intergenic
9158	A	C	intergenic	intergenic
9166	T	C	intergenic	intergenic
9234	G	A	intergenic	intergenic
9292	G	A	intergenic	intergenic
9351	C	T	intergenic	intergenic
9788	A	G	interleukin-10 BCRF1	interleukin-10 BCRF1
9980	C	A	interleukin-10 BCRF1	interleukin-10 BCRF1
10398	A	G	intergenic	intergenic
10577	A	G	intergenic	intergenic
10599	C	T	intergenic	intergenic
10665	C	A	intergenic	intergenic
10714	G	A	intergenic	intergenic
10720	C	T	intergenic	intergenic
10725	C	T	intergenic	intergenic
10751	T	C	intergenic	intergenic
10935	T	C	intergenic	intergenic
11039	A	C	intergenic	intergenic
11340	C	A	EBNA3B	EBNA1,EBNA3B,EBNA3A,EBNA2
12128	G	T	EBNA3B	EBNA1,EBNA3B,EBNA3A,EBNA2
12129	T	A	EBNA3B	EBNA1,EBNA3B,EBNA3A,EBNA2
12558	T	A	EBNA3B	EBNA1,EBNA3B,EBNA3A,EBNA2,protein BWRF1
12649	T	C	EBNA3B	EBNA1,EBNA3B,EBNA3A,EBNA2,protein BWRF1
12657	A	G	EBNA3B	EBNA1,EBNA3B,EBNA3A,EBNA2,protein BWRF1
12703	T	C	EBNA3B	EBNA1,EBNA3B,EBNA3A,EBNA2,protein BWRF1
12778	T	G	EBNA3B	EBNA1,EBNA3B,EBNA3A,EBNA2,protein BWRF1
12792	G	A	EBNA3B	EBNA1,EBNA3B,EBNA3A,EBNA2,protein BWRF1
12800	G	C	EBNA3B	EBNA1,EBNA3B,EBNA3A,EBNA2,protein BWRF1
13095	A	G	EBNA3B	EBNA1,EBNA3B,EBNA3A,EBNA2,protein BWRF1
13175	T	C	EBNA3B	EBNA1,EBNA3B,EBNA3A,EBNA2,protein BWRF1
13177	G	A	EBNA3B	EBNA1,EBNA3B,EBNA3A,EBNA2,protein BWRF1
13192	C	T	EBNA3B	EBNA1,EBNA3B,EBNA3A,EBNA2,protein BWRF1
13241	G	T	EBNA3B	EBNA1,EBNA3B,EBNA3A,EBNA2,protein BWRF1
13249	G	A	EBNA3B	EBNA1,EBNA3B,EBNA3A,EBNA2,protein BWRF1
13458	C	T	EBNA3B	EBNA1,EBNA3B,EBNA3A,EBNA2,protein BWRF1
13530	T	G	EBNA3B	EBNA1,EBNA3B,EBNA3A,EBNA2,protein BWRF1
13583	G	A	EBNA3B	EBNA1,EBNA3B,EBNA3A,EBNA2,protein BWRF1
13593	T	C	EBNA3B	EBNA1,EBNA3B,EBNA3A,EBNA2,protein BWRF1
13612	G	T	EBNA3B	EBNA1,EBNA3B,EBNA3A,EBNA2,protein BWRF1
13835	T	C	EBNA3B	EBNA1,EBNA3B,EBNA3A,EBNA2
14513	C	T	EBNA3B	EBNA1,EBNA3B,EBNA3A,EBNA2,EBNALP
14576	G	T	EBNA3B	EBNA1,EBNA3B,EBNA3A,EBNA2,EBNALP
14587	A	G	EBNA3B	EBNA1,EBNA3B,EBNA3A,EBNA2,EBNALP
14928	A	T	EBNA3B	EBNA1,EBNA3B,EBNA3A,EBNA2,EBNALP
15096	T	G	EBNA3B	EBNA1,EBNA3B,EBNA3A,EBNA2,EBNALP
15200	G	T	EBNA3B	EBNA1,EBNA3B,EBNA3A,EBNA2,EBNALP
15630	T	A	EBNA3B	EBNA1,EBNA3B,EBNA3A,EBNA2,EBNALP,protein BWRF1
15721	T	C	EBNA3B	EBNA1,EBNA3B,EBNA3A,EBNA2,EBNALP,protein BWRF1
15729	A	G	EBNA3B	EBNA1,EBNA3B,EBNA3A,EBNA2,EBNALP,protein BWRF1
15775	T	C	EBNA3B	EBNA1,EBNA3B,EBNA3A,EBNA2,EBNALP,protein BWRF1
15850	T	G	EBNA3B	EBNA1,EBNA3B,EBNA3A,EBNA2,EBNALP,protein BWRF1
15864	G	A	EBNA3B	EBNA1,EBNA3B,EBNA3A,EBNA2,EBNALP,protein BWRF1
15872	G	C	EBNA3B	EBNA1,EBNA3B,EBNA3A,EBNA2,EBNALP,protein BWRF1
16167	A	G	EBNA3B	EBNA1,EBNA3B,EBNA3A,EBNA2,EBNALP,protein BWRF1
16247	T	C	EBNA3B	EBNA1,EBNA3B,EBNA3A,EBNA2,EBNALP,protein BWRF1
16249	G	A	EBNA3B	EBNA1,EBNA3B,EBNA3A,EBNA2,EBNALP,protein BWRF1
16264	C	T	EBNA3B	EBNA1,EBNA3B,EBNA3A,EBNA2,EBNALP,protein BWRF1
16313	G	T	EBNA3B	EBNA1,EBNA3B,EBNA3A,EBNA2,EBNALP,protein BWRF1
16321	G	A	EBNA3B	EBNA1,EBNA3B,EBNA3A,EBNA2,EBNALP,protein BWRF1
16530	C	T	EBNA3B	EBNA1,EBNA3B,EBNA3A,EBNA2,EBNALP,protein BWRF1
16602	T	G	EBNA3B	EBNA1,EBNA3B,EBNA3A,EBNA2,EBNALP,protein BWRF1
16655	G	A	EBNA3B	EBNA1,EBNA3B,EBNA3A,EBNA2,EBNALP,protein BWRF1
16665	T	C	EBNA3B	EBNA1,EBNA3B,EBNA3A,EBNA2,EBNALP,protein BWRF1
16684	G	T	EBNA3B	EBNA1,EBNA3B,EBNA3A,EBNA2,EBNALP,protein BWRF1
16907	T	C	EBNA3B	EBNA1,EBNA3B,EBNA3A,EBNA2,EBNALP
17585	C	T	EBNA3B	EBNA1,EBNA3B,EBNA3A,EBNA2,EBNALP
17648	G	T	EBNA3B	EBNA1,EBNA3B,EBNA3A,EBNA2,EBNALP
17659	A	G	EBNA3B	EBNA1,EBNA3B,EBNA3A,EBNA2,EBNALP
18000	A	T	EBNA3B	EBNA1,EBNA3B,EBNA3A,EBNA2,EBNALP
18168	T	G	EBNA3B	EBNA1,EBNA3B,EBNA3A,EBNA2,EBNALP
18272	G	T	EBNA3B	EBNA1,EBNA3B,EBNA3A,EBNA2,EBNALP
18702	T	A	EBNA3B	EBNA1,EBNA3B,EBNA3A,EBNA2,EBNALP,protein BWRF1
18793	T	C	EBNA3B	EBNA1,EBNA3B,EBNA3A,EBNA2,EBNALP,protein BWRF1
18801	A	G	EBNA3B	EBNA1,EBNA3B,EBNA3A,EBNA2,EBNALP,protein BWRF1
18847	T	C	EBNA3B	EBNA1,EBNA3B,EBNA3A,EBNA2,EBNALP,protein BWRF1
18922	T	G	EBNA3B	EBNA1,EBNA3B,EBNA3A,EBNA2,EBNALP,protein BWRF1
18936	G	A	EBNA3B	EBNA1,EBNA3B,EBNA3A,EBNA2,EBNALP,protein BWRF1
18944	G	C	EBNA3B	EBNA1,EBNA3B,EBNA3A,EBNA2,EBNALP,protein BWRF1
19239	A	G	EBNA3B	EBNA1,EBNA3B,EBNA3A,EBNA2,EBNALP,protein BWRF1
19319	T	C	EBNA3B	EBNA1,EBNA3B,EBNA3A,EBNA2,EBNALP,protein BWRF1
19321	G	A	EBNA3B	EBNA1,EBNA3B,EBNA3A,EBNA2,EBNALP,protein BWRF1
19336	C	T	EBNA3B	EBNA1,EBNA3B,EBNA3A,EBNA2,EBNALP,protein BWRF1
19385	G	T	EBNA3B	EBNA1,EBNA3B,EBNA3A,EBNA2,EBNALP,protein BWRF1
19393	G	A	EBNA3B	EBNA1,EBNA3B,EBNA3A,EBNA2,EBNALP,protein BWRF1
19602	C	T	EBNA3B	EBNA1,EBNA3B,EBNA3A,EBNA2,EBNALP,protein BWRF1
19674	T	G	EBNA3B	EBNA1,EBNA3B,EBNA3A,EBNA2,EBNALP,protein BWRF1
19727	G	A	EBNA3B	EBNA1,EBNA3B,EBNA3A,EBNA2,EBNALP,protein BWRF1
19737	T	C	EBNA3B	EBNA1,EBNA3B,EBNA3A,EBNA2,EBNALP,protein BWRF1
19756	G	T	EBNA3B	EBNA1,EBNA3B,EBNA3A,EBNA2,EBNALP,protein BWRF1
19979	T	C	EBNA3B	EBNA1,EBNA3B,EBNA3A,EBNA2,EBNALP
20657	C	T	EBNA3B	EBNA1,EBNA3B,EBNA3A,EBNA2,EBNALP
20720	G	T	EBNA3B	EBNA1,EBNA3B,EBNA3A,EBNA2,EBNALP
20731	A	G	EBNA3B	EBNA1,EBNA3B,EBNA3A,EBNA2,EBNALP
21072	A	T	EBNA3B	EBNA1,EBNA3B,EBNA3A,EBNA2,EBNALP
21240	T	G	EBNA3B	EBNA1,EBNA3B,EBNA3A,EBNA2,EBNALP
21344	G	T	EBNA3B	EBNA1,EBNA3B,EBNA3A,EBNA2,EBNALP
21774	T	A	EBNA3B	EBNA1,EBNA3B,EBNA3A,EBNA2,EBNALP,protein BWRF1
21865	T	C	EBNA3B	EBNA1,EBNA3B,EBNA3A,EBNA2,EBNALP,protein BWRF1
21873	A	G	EBNA3B	EBNA1,EBNA3B,EBNA3A,EBNA2,EBNALP,protein BWRF1
21919	T	C	EBNA3B	EBNA1,EBNA3B,EBNA3A,EBNA2,EBNALP,protein BWRF1
21994	T	G	EBNA3B	EBNA1,EBNA3B,EBNA3A,EBNA2,EBNALP,protein BWRF1
22008	G	A	EBNA3B	EBNA1,EBNA3B,EBNA3A,EBNA2,EBNALP,protein BWRF1
22016	G	C	EBNA3B	EBNA1,EBNA3B,EBNA3A,EBNA2,EBNALP,protein BWRF1
22311	A	G	EBNA3B	EBNA1,EBNA3B,EBNA3A,EBNA2,EBNALP,protein BWRF1
22391	T	C	EBNA3B	EBNA1,EBNA3B,EBNA3A,EBNA2,EBNALP,protein BWRF1
22393	G	A	EBNA3B	EBNA1,EBNA3B,EBNA3A,EBNA2,EBNALP,protein BWRF1
22408	C	T	EBNA3B	EBNA1,EBNA3B,EBNA3A,EBNA2,EBNALP,protein BWRF1
22457	G	T	EBNA3B	EBNA1,EBNA3B,EBNA3A,EBNA2,EBNALP,protein BWRF1
22465	G	A	EBNA3B	EBNA1,EBNA3B,EBNA3A,EBNA2,EBNALP,protein BWRF1
22674	C	T	EBNA3B	EBNA1,EBNA3B,EBNA3A,EBNA2,EBNALP,protein BWRF1
22746	T	G	EBNA3B	EBNA1,EBNA3B,EBNA3A,EBNA2,EBNALP,protein BWRF1
22799	G	A	EBNA3B	EBNA1,EBNA3B,EBNA3A,EBNA2,EBNALP,protein BWRF1
22809	T	C	EBNA3B	EBNA1,EBNA3B,EBNA3A,EBNA2,EBNALP,protein BWRF1
22828	G	T	EBNA3B	EBNA1,EBNA3B,EBNA3A,EBNA2,EBNALP,protein BWRF1
23051	T	C	EBNA3B	EBNA1,EBNA3B,EBNA3A,EBNA2,EBNALP
23729	C	T	EBNA3B	EBNA1,EBNA3B,EBNA3A,EBNA2,EBNALP
23792	G	T	EBNA3B	EBNA1,EBNA3B,EBNA3A,EBNA2,EBNALP
23803	A	G	EBNA3B	EBNA1,EBNA3B,EBNA3A,EBNA2,EBNALP
24144	A	T	EBNA3B	EBNA1,EBNA3B,EBNA3A,EBNA2,EBNALP
24312	T	G	EBNA3B	EBNA1,EBNA3B,EBNA3A,EBNA2,EBNALP
24416	G	T	EBNA3B	EBNA1,EBNA3B,EBNA3A,EBNA2,EBNALP
24846	T	A	EBNA3B	EBNA1,EBNA3B,EBNA3A,EBNA2,EBNALP,protein BWRF1
24937	T	C	EBNA3B	EBNA1,EBNA3B,EBNA3A,EBNA2,EBNALP,protein BWRF1
24945	A	G	EBNA3B	EBNA1,EBNA3B,EBNA3A,EBNA2,EBNALP,protein BWRF1
24991	T	C	EBNA3B	EBNA1,EBNA3B,EBNA3A,EBNA2,EBNALP,protein BWRF1
25066	T	G	EBNA3B	EBNA1,EBNA3B,EBNA3A,EBNA2,EBNALP,protein BWRF1
25080	G	A	EBNA3B	EBNA1,EBNA3B,EBNA3A,EBNA2,EBNALP,protein BWRF1
25088	G	C	EBNA3B	EBNA1,EBNA3B,EBNA3A,EBNA2,EBNALP,protein BWRF1
25383	A	G	EBNA3B	EBNA1,EBNA3B,EBNA3A,EBNA2,EBNALP,protein BWRF1
25463	T	C	EBNA3B	EBNA1,EBNA3B,EBNA3A,EBNA2,EBNALP,protein BWRF1
25465	G	A	EBNA3B	EBNA1,EBNA3B,EBNA3A,EBNA2,EBNALP,protein BWRF1
25480	C	T	EBNA3B	EBNA1,EBNA3B,EBNA3A,EBNA2,EBNALP,protein BWRF1
25529	G	T	EBNA3B	EBNA1,EBNA3B,EBNA3A,EBNA2,EBNALP,protein BWRF1
25537	G	A	EBNA3B	EBNA1,EBNA3B,EBNA3A,EBNA2,EBNALP,protein BWRF1
25746	C	T	EBNA3B	EBNA1,EBNA3B,EBNA3A,EBNA2,EBNALP,protein BWRF1
25818	T	G	EBNA3B	EBNA1,EBNA3B,EBNA3A,EBNA2,EBNALP,protein BWRF1
25871	G	A	EBNA3B	EBNA1,EBNA3B,EBNA3A,EBNA2,EBNALP,protein BWRF1
25881	T	C	EBNA3B	EBNA1,EBNA3B,EBNA3A,EBNA2,EBNALP,protein BWRF1
25900	G	T	EBNA3B	EBNA1,EBNA3B,EBNA3A,EBNA2,EBNALP,protein BWRF1
26123	T	C	EBNA3B	EBNA1,EBNA3B,EBNA3A,EBNA2,EBNALP
26801	C	T	EBNA3B	EBNA1,EBNA3B,EBNA3A,EBNA2,EBNALP
26864	G	T	EBNA3B	EBNA1,EBNA3B,EBNA3A,EBNA2,EBNALP
26875	A	G	EBNA3B	EBNA1,EBNA3B,EBNA3A,EBNA2,EBNALP
27216	A	T	EBNA3B	EBNA1,EBNA3B,EBNA3A,EBNA2,EBNALP
27384	T	G	EBNA3B	EBNA1,EBNA3B,EBNA3A,EBNA2,EBNALP
27488	G	T	EBNA3B	EBNA1,EBNA3B,EBNA3A,EBNA2,EBNALP
27918	T	A	EBNA3B	EBNA1,EBNA3B,EBNA3A,EBNA2,EBNALP,protein BWRF1
28009	T	C	EBNA3B	EBNA1,EBNA3B,EBNA3A,EBNA2,EBNALP,protein BWRF1
28017	A	G	EBNA3B	EBNA1,EBNA3B,EBNA3A,EBNA2,EBNALP,protein BWRF1
28063	T	C	EBNA3B	EBNA1,EBNA3B,EBNA3A,EBNA2,EBNALP,protein BWRF1
28138	T	G	EBNA3B	EBNA1,EBNA3B,EBNA3A,EBNA2,EBNALP,protein BWRF1
28152	G	A	EBNA3B	EBNA1,EBNA3B,EBNA3A,EBNA2,EBNALP,protein BWRF1
28160	G	C	EBNA3B	EBNA1,EBNA3B,EBNA3A,EBNA2,EBNALP,protein BWRF1
28455	A	G	EBNA3B	EBNA1,EBNA3B,EBNA3A,EBNA2,EBNALP,protein BWRF1
28535	T	C	EBNA3B	EBNA1,EBNA3B,EBNA3A,EBNA2,EBNALP,protein BWRF1
28537	G	A	EBNA3B	EBNA1,EBNA3B,EBNA3A,EBNA2,EBNALP,protein BWRF1
28552	C	T	EBNA3B	EBNA1,EBNA3B,EBNA3A,EBNA2,EBNALP,protein BWRF1
28601	G	T	EBNA3B	EBNA1,EBNA3B,EBNA3A,EBNA2,EBNALP,protein BWRF1
28609	G	A	EBNA3B	EBNA1,EBNA3B,EBNA3A,EBNA2,EBNALP,protein BWRF1
28818	C	T	EBNA3B	EBNA1,EBNA3B,EBNA3A,EBNA2,EBNALP,protein BWRF1
28890	T	G	EBNA3B	EBNA1,EBNA3B,EBNA3A,EBNA2,EBNALP,protein BWRF1
28943	G	A	EBNA3B	EBNA1,EBNA3B,EBNA3A,EBNA2,EBNALP,protein BWRF1
28953	T	C	EBNA3B	EBNA1,EBNA3B,EBNA3A,EBNA2,EBNALP,protein BWRF1
28972	G	T	EBNA3B	EBNA1,EBNA3B,EBNA3A,EBNA2,EBNALP,protein BWRF1
29195	T	C	EBNA3B	EBNA1,EBNA3B,EBNA3A,EBNA2,EBNALP
29873	C	T	EBNA3B	EBNA1,EBNA3B,EBNA3A,EBNA2,EBNALP
29936	G	T	EBNA3B	EBNA1,EBNA3B,EBNA3A,EBNA2,EBNALP
29947	A	G	EBNA3B	EBNA1,EBNA3B,EBNA3A,EBNA2,EBNALP
30288	A	T	EBNA3B	EBNA1,EBNA3B,EBNA3A,EBNA2,EBNALP
30456	T	G	EBNA3B	EBNA1,EBNA3B,EBNA3A,EBNA2,EBNALP
30560	G	T	EBNA3B	EBNA1,EBNA3B,EBNA3A,EBNA2,EBNALP
30990	T	A	EBNA3B	EBNA1,EBNA3B,EBNA3A,EBNA2,EBNALP,protein BWRF1
31081	T	C	EBNA3B	EBNA1,EBNA3B,EBNA3A,EBNA2,EBNALP,protein BWRF1
31089	A	G	EBNA3B	EBNA1,EBNA3B,EBNA3A,EBNA2,EBNALP,protein BWRF1
31135	T	C	EBNA3B	EBNA1,EBNA3B,EBNA3A,EBNA2,EBNALP,protein BWRF1
31210	T	G	EBNA3B	EBNA1,EBNA3B,EBNA3A,EBNA2,EBNALP,protein BWRF1
31224	G	A	EBNA3B	EBNA1,EBNA3B,EBNA3A,EBNA2,EBNALP,protein BWRF1
31232	G	C	EBNA3B	EBNA1,EBNA3B,EBNA3A,EBNA2,EBNALP,protein BWRF1
31527	A	G	EBNA3B	EBNA1,EBNA3B,EBNA3A,EBNA2,EBNALP,protein BWRF1
31607	T	C	EBNA3B	EBNA1,EBNA3B,EBNA3A,EBNA2,EBNALP,protein BWRF1
31609	G	A	EBNA3B	EBNA1,EBNA3B,EBNA3A,EBNA2,EBNALP,protein BWRF1
31624	C	T	EBNA3B	EBNA1,EBNA3B,EBNA3A,EBNA2,EBNALP,protein BWRF1
31673	G	T	EBNA3B	EBNA1,EBNA3B,EBNA3A,EBNA2,EBNALP,protein BWRF1
31681	G	A	EBNA3B	EBNA1,EBNA3B,EBNA3A,EBNA2,EBNALP,protein BWRF1
31890	C	T	EBNA3B	EBNA1,EBNA3B,EBNA3A,EBNA2,EBNALP,protein BWRF1
31962	T	G	EBNA3B	EBNA1,EBNA3B,EBNA3A,EBNA2,EBNALP,protein BWRF1
32015	G	A	EBNA3B	EBNA1,EBNA3B,EBNA3A,EBNA2,EBNALP,protein BWRF1
32025	T	C	EBNA3B	EBNA1,EBNA3B,EBNA3A,EBNA2,EBNALP,protein BWRF1
32044	G	T	EBNA3B	EBNA1,EBNA3B,EBNA3A,EBNA2,EBNALP,protein BWRF1
32267	T	C	EBNA3B	EBNA1,EBNA3B,EBNA3A,EBNA2,EBNALP
32945	C	T	EBNA3B	EBNA1,EBNA3B,EBNA3A,EBNA2,EBNALP
33008	G	T	EBNA3B	EBNA1,EBNA3B,EBNA3A,EBNA2,EBNALP
33019	A	G	EBNA3B	EBNA1,EBNA3B,EBNA3A,EBNA2,EBNALP
33360	A	T	EBNA3B	EBNA1,EBNA3B,EBNA3A,EBNA2,EBNALP
33528	T	G	EBNA3B	EBNA1,EBNA3B,EBNA3A,EBNA2,EBNALP
33632	G	T	EBNA3B	EBNA1,EBNA3B,EBNA3A,EBNA2,EBNALP
34062	T	A	EBNA3B	EBNA1,EBNA3B,EBNA3A,EBNA2,EBNALP,protein BWRF1
34153	T	C	EBNA3B	EBNA1,EBNA3B,EBNA3A,EBNA2,EBNALP,protein BWRF1
34161	A	G	EBNA3B	EBNA1,EBNA3B,EBNA3A,EBNA2,EBNALP,protein BWRF1
34207	T	C	EBNA3B	EBNA1,EBNA3B,EBNA3A,EBNA2,EBNALP,protein BWRF1
34282	T	G	EBNA3B	EBNA1,EBNA3B,EBNA3A,EBNA2,EBNALP,protein BWRF1
34296	G	A	EBNA3B	EBNA1,EBNA3B,EBNA3A,EBNA2,EBNALP,protein BWRF1
34304	G	C	EBNA3B	EBNA1,EBNA3B,EBNA3A,EBNA2,EBNALP,protein BWRF1
34599	A	G	EBNA3B	EBNA1,EBNA3B,EBNA3A,EBNA2,EBNALP,protein BWRF1
34679	T	C	EBNA3B	EBNA1,EBNA3B,EBNA3A,EBNA2,EBNALP,protein BWRF1
34681	G	A	EBNA3B	EBNA1,EBNA3B,EBNA3A,EBNA2,EBNALP,protein BWRF1
34696	C	T	EBNA3B	EBNA1,EBNA3B,EBNA3A,EBNA2,EBNALP,protein BWRF1
34745	G	T	EBNA3B	EBNA1,EBNA3B,EBNA3A,EBNA2,EBNALP,protein BWRF1
34753	G	A	EBNA3B	EBNA1,EBNA3B,EBNA3A,EBNA2,EBNALP,protein BWRF1
34962	C	T	EBNA3B	EBNA1,EBNA3B,EBNA3A,EBNA2,EBNALP,protein BWRF1
35034	T	G	EBNA3B	EBNA1,EBNA3B,EBNA3A,EBNA2,EBNALP,protein BWRF1
35087	G	A	EBNA3B	EBNA1,EBNA3B,EBNA3A,EBNA2,EBNALP,protein BWRF1
35097	T	C	EBNA3B	EBNA1,EBNA3B,EBNA3A,EBNA2,EBNALP,protein BWRF1
35116	G	T	EBNA3B	EBNA1,EBNA3B,EBNA3A,EBNA2,EBNALP,protein BWRF1
35339	T	C	EBNA3B	EBNA1,EBNA3B,EBNA3A,EBNA2,EBNALP
35356	T	C	EBNA3B	EBNA1,EBNA3B,EBNA3A,EBNA2,EBNALP
35463	T	C	EBNA3B	EBNA1,EBNA3B,EBNA3A,EBNA2,EBNALP
35490	C	A	EBNA3B	EBNA1,EBNA3B,EBNA3A,EBNA2,EBNALP
35492	G	A	EBNA3B	EBNA1,EBNA3B,EBNA3A,EBNA2,EBNALP
35493	G	A	EBNA3B	EBNA1,EBNA3B,EBNA3A,EBNA2,EBNALP
35502	T	A	EBNA3B	EBNA1,EBNA3B,EBNA3A,EBNA2,EBNALP
35504	G	A	EBNA3B	EBNA1,EBNA3B,EBNA3A,EBNA2,EBNALP
35518	T	C	EBNA3B	EBNA1,EBNA3B,EBNA3A,EBNA2,EBNALP
35538	T	G	EBNA3B	EBNA1,EBNA3B,EBNA3A,EBNA2,EBNALP
35619	A	C	EBNA3B	EBNA1,EBNA3B,EBNA3A,EBNA2,EBNALP
35622	C	G	EBNA3B	EBNA1,EBNA3B,EBNA3A,EBNA2,EBNALP
35623	C	A	EBNA3B	EBNA1,EBNA3B,EBNA3A,EBNA2,EBNALP
35624	A	G	EBNA3B	EBNA1,EBNA3B,EBNA3A,EBNA2,EBNALP
35625	C	A	EBNA3B	EBNA1,EBNA3B,EBNA3A,EBNA2,EBNALP
35631	G	C	EBNA3B	EBNA1,EBNA3B,EBNA3A,EBNA2,EBNALP
35636	C	A	EBNA3B	EBNA1,EBNA3B,EBNA3A,EBNA2,EBNALP
35638	A	C	EBNA3B	EBNA1,EBNA3B,EBNA3A,EBNA2,EBNALP
35644	A	G	EBNA3B	EBNA1,EBNA3B,EBNA3A,EBNA2,EBNALP
35651	A	G	EBNA3B	EBNA1,EBNA3B,EBNA3A,EBNA2,EBNALP
35652	G	A	EBNA3B	EBNA1,EBNA3B,EBNA3A,EBNA2,EBNALP
35772	G	C	EBNA3B	EBNA1,EBNA3B,EBNA3A,EBNA2,EBNALP
35774	T	C	EBNA3B	EBNA1,EBNA3B,EBNA3A,EBNA2,EBNALP
35781	T	C	EBNA3B	EBNA1,EBNA3B,EBNA3A,EBNA2,EBNALP
35806	T	C	EBNA3B	EBNA1,EBNA3B,EBNA3A,EBNA2,EBNALP
35831	G	T	EBNA3B	EBNA1,EBNA3B,EBNA3A,EBNA2,EBNALP
35832	T	C	EBNA3B	EBNA1,EBNA3B,EBNA3A,EBNA2,EBNALP
35839	C	T	EBNA3B	EBNA1,EBNA3B,EBNA3A,EBNA2,EBNALP
35840	G	A	EBNA3B	EBNA1,EBNA3B,EBNA3A,EBNA2,EBNALP
35846	C	A	EBNA3B	EBNA1,EBNA3B,EBNA3A,EBNA2,EBNALP
35866	G	T	EBNA3B	EBNA1,EBNA3B,EBNA3A,EBNA2,EBNALP
35879	C	G	EBNA3B	EBNA1,EBNA3B,EBNA3A,EBNA2,EBNALP
35909	C	A	EBNA3B	EBNA1,EBNA3B,EBNA3A,EBNA2,EBNALP
35925	T	C	EBNA3B	EBNA1,EBNA3B,EBNA3A,EBNA2,EBNALP
35933	T	G	EBNA3B	EBNA1,EBNA3B,EBNA3A,EBNA2,EBNALP
35938	T	G	EBNA3B	EBNA1,EBNA3B,EBNA3A,EBNA2,EBNALP
35946	G	A	EBNA3B	EBNA1,EBNA3B,EBNA3A,EBNA2,EBNALP
35949	G	T	EBNA3B	EBNA1,EBNA3B,EBNA3A,EBNA2,EBNALP
35950	G	T	EBNA3B	EBNA1,EBNA3B,EBNA3A,EBNA2,EBNALP
35951	C	G	EBNA3B	EBNA1,EBNA3B,EBNA3A,EBNA2,EBNALP
35973	C	T	EBNA3B	EBNA1,EBNA3B,EBNA3A,EBNA2,EBNALP
35993	C	T	EBNA3B	EBNA1,EBNA3B,EBNA3A,EBNA2,EBNALP
35999	A	G	EBNA3B	EBNA1,EBNA3B,EBNA3A,EBNA2,EBNALP
36011	T	C	EBNA3B	EBNA1,EBNA3B,EBNA3A,EBNA2,EBNALP
36012	A	G	EBNA3B	EBNA1,EBNA3B,EBNA3A,EBNA2,EBNALP
36023	T	G	EBNA3B	EBNA1,EBNA3B,EBNA3A,EBNA2,EBNALP
36056	T	A	EBNA3B	EBNA1,EBNA3B,EBNA3A,EBNA2,EBNALP
36102	C	T	EBNA3B	EBNA1,EBNA3B,EBNA3A,EBNA2,EBNALP
36107	A	G	EBNA3B	EBNA1,EBNA3B,EBNA3A,EBNA2,EBNALP
36209	C	T	EBNA3B	EBNA1,EBNA3B,EBNA3A,EBNA2,EBNALP
36226	T	A	EBNA3B	EBNA1,EBNA3B,EBNA3A,EBNA2,EBNALP
25	C	G	intergenic	intergenic
100	C	G	intergenic	intergenic
253	G	T	intergenic	intergenic
475	T	G	intergenic	intergenic
479	A	G	intergenic	intergenic
640	C	T	intergenic	intergenic
778	A	G	intergenic	intergenic
1438	T	A	intergenic	intergenic
1741	A	G	tegument protein G75	tegument protein G75
1744	G	T	tegument protein G75	tegument protein G75
1841	G	C	tegument protein G75	tegument protein G75
1870	A	C	tegument protein G75	tegument protein G75
2251	C	T	tegument protein G75	tegument protein G75
2640	A	G	tegument protein G75	tegument protein G75
2719	C	T	tegument protein G75	tegument protein G75
2794	C	T	tegument protein G75	tegument protein G75
2971	C	T	tegument protein G75	tegument protein G75
3112	T	C	tegument protein G75	tegument protein G75
3286	G	A	tegument protein G75	tegument protein G75
3494	A	C	tegument protein G75	tegument protein G75
3814	A	G	tegument protein G75	tegument protein G75
3934	C	T	tegument protein G75	tegument protein G75
3942	G	T	tegument protein G75	tegument protein G75
4020	C	T	tegument protein G75	tegument protein G75
4125	A	G	tegument protein G75	tegument protein G75
4135	C	T	tegument protein G75	tegument protein G75
4303	A	G	tegument protein G75	tegument protein G75
4690	A	C	tegument protein G75	tegument protein G75
4753	G	T	tegument protein G75	tegument protein G75
4823	T	C	tegument protein G75	tegument protein G75
5064	T	C	tegument protein G75	tegument protein G75
5452	T	C	tegument protein G75	tegument protein G75
5746	T	G	tegument protein G75	tegument protein G75
5811	A	C	tegument protein G75	tegument protein G75
6035	C	T	intergenic	intergenic
6182	T	C	intergenic	intergenic
6370	T	G	intergenic	intergenic
6808	T	A	intergenic	intergenic
6884	G	A	intergenic	intergenic
6886	T	G	intergenic	intergenic
6911	A	G	intergenic	intergenic
6927	G	A	intergenic	intergenic
6944	G	A	intergenic	intergenic
7123	A	G	intergenic	intergenic
7198	C	A	intergenic	intergenic
7231	A	G	intergenic	intergenic
7427	C	T	intergenic	intergenic
7449	G	T	intergenic	intergenic
7469	G	A	intergenic	intergenic
7474	C	T	intergenic	intergenic
7492	A	G	intergenic	intergenic
7499	A	G	intergenic	intergenic
7522	G	A	intergenic	intergenic
7530	G	A	intergenic	intergenic
7534	T	G	intergenic	intergenic
7548	C	A	intergenic	intergenic
7560	G	A	intergenic	intergenic
7564	T	G	intergenic	intergenic
7566	A	G	intergenic	intergenic
7582	A	G	intergenic	intergenic
7589	A	G	intergenic	intergenic
7612	G	A	intergenic	intergenic
7620	G	A	intergenic	intergenic
7624	T	G	intergenic	intergenic
7638	C	A	intergenic	intergenic
7650	G	A	intergenic	intergenic
7654	T	G	intergenic	intergenic
7679	A	G	intergenic	intergenic
7736	G	A	intergenic	intergenic
7740	T	G	intergenic	intergenic
7742	A	G	intergenic	intergenic
7746	A	G	intergenic	intergenic
7758	A	G	intergenic	intergenic
7765	T	G	intergenic	intergenic
7766	A	G	intergenic	intergenic
7769	C	A	intergenic	intergenic
7771	C	A	intergenic	intergenic
7772	T	G	intergenic	intergenic
7795	G	A	intergenic	intergenic
7796	G	A	intergenic	intergenic
7800	C	G	intergenic	intergenic
7818	A	G	intergenic	intergenic
7825	A	G	intergenic	intergenic
81791	T	G	EBNA3B	EBNA1,EBNA3B,EBNA3A,EBNA-1%2C QUK transcript
81803	T	C	EBNA3B	EBNA1,EBNA3B,EBNA3A,EBNA-1%2C QUK transcript
81812	T	C	EBNA3B	EBNA1,EBNA3B,EBNA3A,EBNA-1%2C QUK transcript
81871	T	C	EBNA3B	EBNA1,EBNA3B,EBNA3A,EBNA-1%2C QUK transcript
81873	A	C	EBNA3B	EBNA1,EBNA3B,EBNA3A,EBNA-1%2C QUK transcript
81874	A	G	EBNA3B	EBNA1,EBNA3B,EBNA3A,EBNA-1%2C QUK transcript
81875	A	T	EBNA3B	EBNA1,EBNA3B,EBNA3A,EBNA-1%2C QUK transcript
81900	C	A	EBNA3B	EBNA1,EBNA3B,EBNA3A,EBNA-1%2C QUK transcript
81939	G	A	EBNA3B	EBNA1,EBNA3B,EBNA3A,EBNA-1%2C QUK transcript
81949	T	A	EBNA3B	EBNA1,EBNA3B,EBNA3A,EBNA-1%2C QUK transcript
81975	G	T	EBNA3B	EBNA1,EBNA3B,EBNA3A,EBNA-1%2C QUK transcript
81992	T	C	EBNA3B	EBNA1,EBNA3B,EBNA3A,EBNA-1%2C QUK transcript
82001	G	T	EBNA3B	EBNA1,EBNA3B,EBNA3A,EBNA-1%2C QUK transcript
82003	T	C	EBNA3B	EBNA1,EBNA3B,EBNA3A,EBNA-1%2C QUK transcript
82009	C	A	EBNA3B	EBNA1,EBNA3B,EBNA3A,EBNA-1%2C QUK transcript
82011	C	T	EBNA3B	EBNA1,EBNA3B,EBNA3A,EBNA-1%2C QUK transcript
82022	G	T	EBNA3B	EBNA1,EBNA3B,EBNA3A,EBNA-1%2C QUK transcript
82025	G	A	EBNA3B	EBNA1,EBNA3B,EBNA3A,EBNA-1%2C QUK transcript
82034	A	T	EBNA3B	EBNA1,EBNA3B,EBNA3A,EBNA-1%2C QUK transcript
82057	T	C	EBNA3B	EBNA1,EBNA3B,EBNA3A,EBNA-1%2C QUK transcript
82084	T	C	EBNA3B	EBNA1,EBNA3B,EBNA3A,EBNA-1%2C QUK transcript
82214	G	A	EBNA3B	EBNA1,EBNA3B,EBNA3A,EBNA-1%2C QUK transcript
82235	T	C	EBNA3B	EBNA1,EBNA3B,EBNA3A,EBNA-1%2C QUK transcript
82240	A	G	EBNA3B	EBNA1,EBNA3B,EBNA3A,EBNA-1%2C QUK transcript
82252	C	A	EBNA3B	EBNA1,EBNA3B,EBNA3A,EBNA-1%2C QUK transcript
82260	G	A	EBNA3B	EBNA1,EBNA3B,EBNA3A,EBNA-1%2C QUK transcript
82462	C	A	EBNA3B	EBNA1,EBNA3B,EBNA3A,EBNA-1%2C QUK transcript
82473	A	C	EBNA3B	EBNA1,EBNA3B,EBNA3A,EBNA-1%2C QUK transcript
82483	G	A	EBNA3B	EBNA1,EBNA3B,EBNA3A,EBNA-1%2C QUK transcript
82487	T	C	EBNA3B	EBNA1,EBNA3B,EBNA3A,EBNA-1%2C QUK transcript
82533	C	T	EBNA3B	EBNA1,EBNA3B,EBNA3A,EBNA-1%2C QUK transcript
82584	G	A	EBNA3B	EBNA1,EBNA3B,EBNA3A,EBNA-1%2C QUK transcript
82606	G	A	EBNA3B	EBNA1,EBNA3B,EBNA3A,EBNA-1%2C QUK transcript
82658	G	A	EBNA3B	EBNA1,EBNA3B,EBNA3A,EBNA-1%2C QUK transcript
82672	A	G	EBNA3B	EBNA1,EBNA3B,EBNA3A,EBNA-1%2C QUK transcript
82763	A	G	EBNA3B	EBNA1,EBNA3B,EBNA3A,EBNA-1%2C QUK transcript
82764	G	A	EBNA3B	EBNA1,EBNA3B,EBNA3A,EBNA-1%2C QUK transcript
82772	A	G	EBNA3B	EBNA1,EBNA3B,EBNA3A,EBNA-1%2C QUK transcript
82783	G	A	EBNA3B	EBNA1,EBNA3B,EBNA3A,EBNA-1%2C QUK transcript
82786	C	A	EBNA3B	EBNA1,EBNA3B,EBNA3A,EBNA-1%2C QUK transcript
82791	A	C	EBNA3B	EBNA1,EBNA3B,EBNA3A,EBNA-1%2C QUK transcript
82815	G	A	EBNA3B	EBNA1,EBNA3B,EBNA3A,EBNA-1%2C QUK transcript
82964	G	A	EBNA3B	EBNA1,EBNA3B,EBNA-1%2C QUK transcript
82967	T	C	EBNA3B	EBNA1,EBNA3B,EBNA-1%2C QUK transcript
83037	C	T	EBNA3B	EBNA1,EBNA3B,EBNA-1%2C QUK transcript
83063	T	A	EBNA3B	EBNA1,EBNA3B,EBNA-1%2C QUK transcript
83161	A	C	EBNA3B	EBNA1,EBNA3B,EBNA-1%2C QUK transcript
83162	C	A	EBNA3B	EBNA1,EBNA3B,EBNA-1%2C QUK transcript
83178	G	T	EBNA3B	EBNA1,EBNA3B,EBNA-1%2C QUK transcript
83192	A	C	EBNA3B	EBNA1,EBNA3B,EBNA-1%2C QUK transcript
83293	C	G	EBNA3B	EBNA1,EBNA3B,EBNA-1%2C QUK transcript
83319	C	T	EBNA3B	EBNA1,EBNA3B,EBNA-1%2C QUK transcript
83331	T	A	EBNA3B	EBNA1,EBNA3B,EBNA-1%2C QUK transcript
83343	C	G	EBNA3B	EBNA1,EBNA3B,EBNA-1%2C QUK transcript
83400	C	T	EBNA3B	EBNA1,EBNA3B,EBNA-1%2C QUK transcript
83406	C	T	EBNA3B	EBNA1,EBNA3B,EBNA-1%2C QUK transcript
83454	C	A	EBNA3B	EBNA1,EBNA3B,EBNA-1%2C QUK transcript
83463	T	A	EBNA3B	EBNA1,EBNA3B,EBNA-1%2C QUK transcript
83482	G	T	EBNA3B	EBNA1,EBNA3B,EBNA-1%2C QUK transcript
83515	C	T	EBNA3B	EBNA1,EBNA3B,EBNA-1%2C QUK transcript
83517	C	T	EBNA3B	EBNA1,EBNA3B,EBNA-1%2C QUK transcript
83559	A	G	EBNA3B	EBNA1,EBNA3B,EBNA-1%2C QUK transcript
83580	C	A	EBNA3B	EBNA1,EBNA3B,EBNA-1%2C QUK transcript
83608	A	C	EBNA3B	EBNA1,EBNA3B,EBNA-1%2C QUK transcript
83622	A	G	EBNA3B	EBNA1,EBNA3B,EBNA-1%2C QUK transcript
83627	T	A	EBNA3B	EBNA1,EBNA3B,EBNA-1%2C QUK transcript
83640	T	G	EBNA3B	EBNA1,EBNA3B,EBNA-1%2C QUK transcript
83656	T	C	EBNA3B	EBNA1,EBNA3B,EBNA-1%2C QUK transcript
83660	G	A	EBNA3B	EBNA1,EBNA3B,EBNA-1%2C QUK transcript
83665	T	A	EBNA3B	EBNA1,EBNA3B,EBNA-1%2C QUK transcript
83685	C	T	EBNA3B	EBNA1,EBNA3B,EBNA-1%2C QUK transcript
83691	T	A	EBNA3B	EBNA1,EBNA3B,EBNA-1%2C QUK transcript
83693	A	C	EBNA3B	EBNA1,EBNA3B,EBNA-1%2C QUK transcript
83700	A	T	EBNA3B	EBNA1,EBNA3B,EBNA-1%2C QUK transcript
83716	T	A	EBNA3B	EBNA1,EBNA3B,EBNA-1%2C QUK transcript
83724	G	A	EBNA3B	EBNA1,EBNA3B,EBNA-1%2C QUK transcript
83727	C	T	EBNA3B	EBNA1,EBNA3B,EBNA-1%2C QUK transcript
83730	T	A	EBNA3B	EBNA1,EBNA3B,EBNA-1%2C QUK transcript
83739	G	A	EBNA3B	EBNA1,EBNA3B,EBNA-1%2C QUK transcript
83740	G	C	EBNA3B	EBNA1,EBNA3B,EBNA-1%2C QUK transcript
83769	T	A	EBNA3B	EBNA1,EBNA3B,EBNA-1%2C QUK transcript
83776	A	C	EBNA3B	EBNA1,EBNA3B,EBNA-1%2C QUK transcript
83777	C	T	EBNA3B	EBNA1,EBNA3B,EBNA-1%2C QUK transcript
83789	C	T	EBNA3B	EBNA1,EBNA3B,EBNA-1%2C QUK transcript
83793	G	T	EBNA3B	EBNA1,EBNA3B,EBNA-1%2C QUK transcript
83815	A	C	EBNA3B	EBNA1,EBNA3B,EBNA-1%2C QUK transcript
83826	A	G	EBNA3B	EBNA1,EBNA3B,EBNA-1%2C QUK transcript
83847	C	A	EBNA3B	EBNA1,EBNA3B,EBNA-1%2C QUK transcript
83860	C	T	EBNA3B	EBNA1,EBNA3B,EBNA-1%2C QUK transcript
83928	C	T	EBNA3B	EBNA1,EBNA3B,EBNA-1%2C QUK transcript
83946	T	C	EBNA3B	EBNA1,EBNA3B,EBNA-1%2C QUK transcript
83969	A	G	EBNA3B	EBNA1,EBNA3B,EBNA-1%2C QUK transcript
83980	T	G	EBNA3B	EBNA1,EBNA3B,EBNA-1%2C QUK transcript
83986	A	G	EBNA3B	EBNA1,EBNA3B,EBNA-1%2C QUK transcript
83988	T	C	EBNA3B	EBNA1,EBNA3B,EBNA-1%2C QUK transcript
84004	T	C	EBNA3B	EBNA1,EBNA3B,EBNA-1%2C QUK transcript
84009	C	T	EBNA3B	EBNA1,EBNA3B,EBNA-1%2C QUK transcript
84033	C	T	EBNA3B	EBNA1,EBNA3B,EBNA-1%2C QUK transcript
85313	C	T	EBNA3B	EBNA1,EBNA3B,EBNA-1%2C QUK transcript
85317	A	G	EBNA3B	EBNA1,EBNA3B,EBNA-1%2C QUK transcript
85320	T	A	EBNA3B	EBNA1,EBNA3B,EBNA-1%2C QUK transcript
85328	T	G	EBNA3B	EBNA1,EBNA3B,EBNA-1%2C QUK transcript
85332	G	A	EBNA3B	EBNA1,EBNA3B,EBNA-1%2C QUK transcript
85340	C	A	EBNA3B	EBNA1,EBNA3B,EBNA-1%2C QUK transcript
85373	C	T	EBNA3B	EBNA1,EBNA3B,EBNA-1%2C QUK transcript
85377	A	G	EBNA3B	EBNA1,EBNA3B,EBNA-1%2C QUK transcript
85380	T	A	EBNA3B	EBNA1,EBNA3B,EBNA-1%2C QUK transcript
85388	T	G	EBNA3B	EBNA1,EBNA3B,EBNA-1%2C QUK transcript
85391	T	C	EBNA3B	EBNA1,EBNA3B,EBNA-1%2C QUK transcript
85392	G	A	EBNA3B	EBNA1,EBNA3B,EBNA-1%2C QUK transcript
85398	T	C	EBNA3B	EBNA1,EBNA3B,EBNA-1%2C QUK transcript
85399	C	G	EBNA3B	EBNA1,EBNA3B,EBNA-1%2C QUK transcript
85411	G	T	EBNA3B	EBNA1,EBNA3B,EBNA-1%2C QUK transcript
85415	T	C	EBNA3B	EBNA1,EBNA3B,EBNA-1%2C QUK transcript
85422	T	A	EBNA3B	EBNA1,EBNA3B,EBNA-1%2C QUK transcript
85424	C	T	EBNA3B	EBNA1,EBNA3B,EBNA-1%2C QUK transcript
85426	G	A	EBNA3B	EBNA1,EBNA3B,EBNA-1%2C QUK transcript
85428	T	C	EBNA3B	EBNA1,EBNA3B,EBNA-1%2C QUK transcript
85431	T	C	EBNA3B	EBNA1,EBNA3B,EBNA-1%2C QUK transcript
85435	C	A	EBNA3B	EBNA1,EBNA3B,EBNA-1%2C QUK transcript
85443	G	A	EBNA3B	EBNA1,EBNA3B,EBNA-1%2C QUK transcript
85444	A	G	EBNA3B	EBNA1,EBNA3B,EBNA-1%2C QUK transcript
85452	A	C	EBNA3B	EBNA1,EBNA3B,EBNA-1%2C QUK transcript
85456	T	C	EBNA3B	EBNA1,EBNA3B,EBNA-1%2C QUK transcript
85464	A	G	EBNA3B	EBNA1,EBNA3B,EBNA-1%2C QUK transcript
85487	A	G	EBNA3B	EBNA1,EBNA3B,EBNA-1%2C QUK transcript
85488	A	T	EBNA3B	EBNA1,EBNA3B,EBNA-1%2C QUK transcript
85509	A	T	EBNA3B	EBNA1,EBNA3B,EBNA-1%2C QUK transcript
85510	C	A	EBNA3B	EBNA1,EBNA3B,EBNA-1%2C QUK transcript
85515	C	T	EBNA3B	EBNA1,EBNA3B,EBNA-1%2C QUK transcript
85544	G	T	EBNA3B	EBNA1,EBNA3B,EBNA-1%2C QUK transcript
85547	A	G	EBNA3B	EBNA1,EBNA3B,EBNA-1%2C QUK transcript
85548	G	A	EBNA3B	EBNA1,EBNA3B,EBNA-1%2C QUK transcript
85563	C	T	EBNA3B	EBNA1,EBNA3B,EBNA-1%2C QUK transcript
85566	C	A	EBNA3B	EBNA1,EBNA3B,EBNA-1%2C QUK transcript
85569	C	G	EBNA3B	EBNA1,EBNA3B,EBNA-1%2C QUK transcript
85570	A	G	EBNA3B	EBNA1,EBNA3B,EBNA-1%2C QUK transcript
85574	A	C	EBNA3B	EBNA1,EBNA3B,EBNA-1%2C QUK transcript
85590	G	A	EBNA3B	EBNA1,EBNA3B,EBNA-1%2C QUK transcript
85594	A	G	EBNA3B	EBNA1,EBNA3B,EBNA-1%2C QUK transcript
85602	C	T	EBNA3B	EBNA1,EBNA3B,EBNA-1%2C QUK transcript
85611	T	C	EBNA3B	EBNA1,EBNA3B,EBNA-1%2C QUK transcript
85612	T	C	EBNA3B	EBNA1,EBNA3B,EBNA-1%2C QUK transcript
85614	G	A	EBNA3B	EBNA1,EBNA3B,EBNA-1%2C QUK transcript
85626	G	A	EBNA3B	EBNA1,EBNA3B,EBNA-1%2C QUK transcript
85633	G	T	EBNA3B	EBNA1,EBNA3B,EBNA-1%2C QUK transcript
85640	G	T	EBNA3B	EBNA1,EBNA3B,EBNA-1%2C QUK transcript
85648	C	T	EBNA3B	EBNA1,EBNA3B,EBNA-1%2C QUK transcript
85652	C	A	EBNA3B	EBNA1,EBNA3B,EBNA-1%2C QUK transcript
85657	A	G	EBNA3B	EBNA1,EBNA3B,EBNA-1%2C QUK transcript
85669	G	A	EBNA3B	EBNA1,EBNA3B,EBNA-1%2C QUK transcript
85699	A	G	EBNA3B	EBNA1,EBNA3B,EBNA-1%2C QUK transcript
85711	G	T	EBNA3B	EBNA1,EBNA3B,EBNA-1%2C QUK transcript
85712	G	T	EBNA3B	EBNA1,EBNA3B,EBNA-1%2C QUK transcript
85715	T	G	EBNA3B	EBNA1,EBNA3B,EBNA-1%2C QUK transcript
85726	C	T	EBNA3B	EBNA1,EBNA3B,EBNA-1%2C QUK transcript
85734	C	T	EBNA3B	EBNA1,EBNA3B,EBNA-1%2C QUK transcript
85755	A	G	EBNA3B	EBNA1,EBNA3B,EBNA-1%2C QUK transcript
85757	C	T	EBNA3B	EBNA1,EBNA3B,EBNA-1%2C QUK transcript
85763	T	A	EBNA3B	EBNA1,EBNA3B,EBNA-1%2C QUK transcript
85764	C	A	EBNA3B	EBNA1,EBNA3B,EBNA-1%2C QUK transcript
85765	G	A	EBNA3B	EBNA1,EBNA3B,EBNA-1%2C QUK transcript
85774	A	C	EBNA3B	EBNA1,EBNA3B,EBNA-1%2C QUK transcript
85781	C	G	EBNA3B	EBNA1,EBNA3B,EBNA-1%2C QUK transcript
85783	G	A	EBNA3B	EBNA1,EBNA3B,EBNA-1%2C QUK transcript
85787	T	C	EBNA3B	EBNA1,EBNA3B,EBNA-1%2C QUK transcript
85794	C	T	EBNA3B	EBNA1,EBNA3B,EBNA-1%2C QUK transcript
85801	G	C	EBNA3B	EBNA1,EBNA3B,EBNA-1%2C QUK transcript
85806	G	A	EBNA3B	EBNA1,EBNA3B,EBNA-1%2C QUK transcript
85813	C	T	EBNA3B	EBNA1,EBNA3B,EBNA-1%2C QUK transcript
85816	G	A	EBNA3B	EBNA1,EBNA3B,EBNA-1%2C QUK transcript
85817	T	C	EBNA3B	EBNA1,EBNA3B,EBNA-1%2C QUK transcript
85824	C	G	EBNA3B	EBNA1,EBNA3B,EBNA-1%2C QUK transcript
85826	T	G	EBNA3B	EBNA1,EBNA3B,EBNA-1%2C QUK transcript
85837	G	A	EBNA3B	EBNA1,EBNA3B,EBNA-1%2C QUK transcript
85845	G	A	EBNA3B	EBNA1,EBNA3B,EBNA-1%2C QUK transcript
85877	C	A	EBNA3B	EBNA1,EBNA3B,EBNA-1%2C QUK transcript
85891	G	A	EBNA3B	EBNA1,EBNA3B,EBNA-1%2C QUK transcript
85903	C	A	EBNA3B	EBNA1,EBNA3B,EBNA-1%2C QUK transcript
85950	C	T	EBNA3B	EBNA1,EBNA3B,EBNA-1%2C QUK transcript
85964	G	A	EBNA3B	EBNA1,EBNA3B,EBNA-1%2C QUK transcript
85965	C	A	EBNA3B	EBNA1,EBNA3B,EBNA-1%2C QUK transcript
85969	T	C	EBNA3B	EBNA1,EBNA3B,EBNA-1%2C QUK transcript
85994	G	C	EBNA3B	EBNA1,EBNA3B,EBNA-1%2C QUK transcript
86000	A	T	EBNA3B	EBNA1,EBNA3B,EBNA-1%2C QUK transcript
86058	A	C	EBNA3B	EBNA1,EBNA3B,EBNA-1%2C QUK transcript
86101	C	G	EBNA3B	EBNA1,EBNA3B,EBNA-1%2C QUK transcript
86114	G	T	EBNA3B	EBNA1,EBNA3B,EBNA-1%2C QUK transcript
86124	C	T	EBNA3B	EBNA1,EBNA3B,EBNA-1%2C QUK transcript
86132	A	C	EBNA3B	EBNA1,EBNA3B,EBNA-1%2C QUK transcript
86143	A	G	EBNA3B	EBNA1,EBNA3B,EBNA-1%2C QUK transcript
86153	C	A	EBNA3B	EBNA1,EBNA3B,EBNA-1%2C QUK transcript
86157	C	T	EBNA3B	EBNA1,EBNA3B,EBNA-1%2C QUK transcript
86160	C	T	EBNA3B	EBNA1,EBNA3B,EBNA-1%2C QUK transcript
86167	G	A	EBNA3B	EBNA1,EBNA3B,EBNA-1%2C QUK transcript
86168	A	T	EBNA3B	EBNA1,EBNA3B,EBNA-1%2C QUK transcript
86178	T	C	EBNA3B	EBNA1,EBNA3B,EBNA-1%2C QUK transcript
86191	C	T	EBNA3B	EBNA1,EBNA3B,EBNA-1%2C QUK transcript
86194	T	A	EBNA3B	EBNA1,EBNA3B,EBNA-1%2C QUK transcript
86197	A	G	EBNA3B	EBNA1,EBNA3B,EBNA-1%2C QUK transcript
86199	T	C	EBNA3B	EBNA1,EBNA3B,EBNA-1%2C QUK transcript
86212	A	G	EBNA3B	EBNA1,EBNA3B,EBNA-1%2C QUK transcript
86221	C	G	EBNA3B	EBNA1,EBNA3B,EBNA-1%2C QUK transcript
86230	T	C	EBNA3B	EBNA1,EBNA3B,EBNA-1%2C QUK transcript
86232	A	G	EBNA3B	EBNA1,EBNA3B,EBNA-1%2C QUK transcript
86233	T	G	EBNA3B	EBNA1,EBNA3B,EBNA-1%2C QUK transcript
86247	G	A	EBNA3B	EBNA1,EBNA3B,EBNA-1%2C QUK transcript
86250	A	G	EBNA3B	EBNA1,EBNA3B,EBNA-1%2C QUK transcript
86251	C	T	EBNA3B	EBNA1,EBNA3B,EBNA-1%2C QUK transcript
86253	T	C	EBNA3B	EBNA1,EBNA3B,EBNA-1%2C QUK transcript
86254	T	C	EBNA3B	EBNA1,EBNA3B,EBNA-1%2C QUK transcript
86262	A	G	EBNA3B	EBNA1,EBNA3B,EBNA-1%2C QUK transcript
86265	C	A	EBNA3B	EBNA1,EBNA3B,EBNA-1%2C QUK transcript
86325	T	C	EBNA3B	EBNA1,EBNA3B,EBNA-1%2C QUK transcript
86328	C	A	EBNA3B	EBNA1,EBNA3B,EBNA-1%2C QUK transcript
86351	C	T	EBNA3B	EBNA1,EBNA3B,EBNA-1%2C QUK transcript
86370	A	G	EBNA3B	EBNA1,EBNA3B,EBNA-1%2C QUK transcript
86376	G	T	EBNA3B	EBNA1,EBNA3B,EBNA-1%2C QUK transcript
86388	C	T	EBNA3B	EBNA1,EBNA3B,EBNA-1%2C QUK transcript
86401	A	G	EBNA3B	EBNA1,EBNA3B,EBNA-1%2C QUK transcript
86402	C	T	EBNA3B	EBNA1,EBNA3B,EBNA-1%2C QUK transcript
86421	T	C	EBNA3B	EBNA1,EBNA3B,EBNA-1%2C QUK transcript
86432	G	A	EBNA3B	EBNA1,EBNA3B,EBNA-1%2C QUK transcript
86448	T	C	EBNA3B	EBNA1,EBNA3B,EBNA-1%2C QUK transcript
86519	A	C	EBNA3B	EBNA1,EBNA3B,EBNA-1%2C QUK transcript
86561	G	T	EBNA3B	EBNA1,EBNA3B,EBNA-1%2C QUK transcript
86577	A	C	EBNA3B	EBNA1,EBNA3B,EBNA-1%2C QUK transcript
86641	C	T	EBNA3B	EBNA1,EBNA3B,EBNA-1%2C QUK transcript
86642	G	A	EBNA3B	EBNA1,EBNA3B,EBNA-1%2C QUK transcript
86648	C	A	EBNA3B	EBNA1,EBNA3B,EBNA-1%2C QUK transcript
86654	G	T	EBNA3B	EBNA1,EBNA3B,EBNA-1%2C QUK transcript
86675	A	G	EBNA3B	EBNA1,EBNA3B,EBNA-1%2C QUK transcript
86689	A	G	EBNA3B	EBNA1,EBNA3B,EBNA-1%2C QUK transcript
86697	C	T	EBNA3B	EBNA1,EBNA3B,EBNA-1%2C QUK transcript
86711	T	C	EBNA3B	EBNA1,EBNA3B,EBNA-1%2C QUK transcript
86783	A	G	EBNA3B	EBNA1,EBNA3B,EBNA-1%2C QUK transcript
86800	C	G	EBNA3B	EBNA1,EBNA3B,EBNA-1%2C QUK transcript
86806	G	T	EBNA3B	EBNA1,EBNA3B,EBNA-1%2C QUK transcript
86808	A	G	EBNA3B	EBNA1,EBNA3B,EBNA-1%2C QUK transcript
86811	C	A	EBNA3B	EBNA1,EBNA3B,EBNA-1%2C QUK transcript
86825	T	C	EBNA3B	EBNA1,EBNA3B,EBNA-1%2C QUK transcript
86839	C	T	EBNA3B	EBNA1,EBNA3B,EBNA-1%2C QUK transcript
86848	A	C	EBNA3B	EBNA1,EBNA3B,EBNA-1%2C QUK transcript
86894	A	G	EBNA3B	EBNA1,EBNA3B,EBNA-1%2C QUK transcript
86926	A	T	EBNA3B	EBNA1,EBNA3B,EBNA-1%2C QUK transcript
86938	A	T	EBNA3B	EBNA1,EBNA3B,EBNA-1%2C QUK transcript
86973	A	G	EBNA3B	EBNA1,EBNA3B,EBNA-1%2C QUK transcript
86985	T	A	EBNA3B	EBNA1,EBNA3B,EBNA-1%2C QUK transcript
86990	C	G	EBNA3B	EBNA1,EBNA3B,EBNA-1%2C QUK transcript
87052	A	G	EBNA3B	EBNA1,EBNA3B,EBNA-1%2C QUK transcript
87054	C	T	EBNA3B	EBNA1,EBNA3B,EBNA-1%2C QUK transcript
87057	G	T	EBNA3B	EBNA1,EBNA3B,EBNA-1%2C QUK transcript
87146	G	A	EBNA3B	EBNA1,EBNA3B,EBNA-1%2C QUK transcript
87167	C	A	EBNA3B	EBNA1,EBNA3B,EBNA-1%2C QUK transcript
87179	C	A	EBNA3B	EBNA1,EBNA3B,EBNA-1%2C QUK transcript
87187	G	T	EBNA3B	EBNA1,EBNA3B,EBNA-1%2C QUK transcript
87199	T	G	EBNA3B	EBNA1,EBNA3B,EBNA-1%2C QUK transcript
87232	A	G	EBNA3B	EBNA1,EBNA3B,EBNA-1%2C QUK transcript
87266	T	C	EBNA3B	EBNA1,EBNA3B,EBNA-1%2C QUK transcript
87275	C	T	EBNA3B	EBNA1,EBNA3B,EBNA-1%2C QUK transcript
87296	C	T	EBNA3B	EBNA1,EBNA3B,EBNA-1%2C QUK transcript
87311	C	A	EBNA3B	EBNA1,EBNA3B,EBNA-1%2C QUK transcript
87344	T	C	EBNA3B	EBNA1,EBNA3B,EBNA-1%2C QUK transcript
87353	G	A	EBNA3B	EBNA1,EBNA3B,EBNA-1%2C QUK transcript
87394	C	T	EBNA3B	EBNA1,EBNA3B,EBNA-1%2C QUK transcript
87397	A	G	EBNA3B	EBNA1,EBNA3B,EBNA-1%2C QUK transcript
87409	A	C	EBNA3B	EBNA1,EBNA3B,EBNA-1%2C QUK transcript
87416	T	G	EBNA3B	EBNA1,EBNA3B,EBNA-1%2C QUK transcript
87422	C	T	EBNA3B	EBNA1,EBNA3B,EBNA-1%2C QUK transcript
87425	G	A	EBNA3B	EBNA1,EBNA3B,EBNA-1%2C QUK transcript
87454	A	T	EBNA3B	EBNA1,EBNA3B,EBNA-1%2C QUK transcript
87467	T	C	EBNA3B	EBNA1,EBNA3B,EBNA-1%2C QUK transcript
87468	G	T	EBNA3B	EBNA1,EBNA3B,EBNA-1%2C QUK transcript
87480	A	G	EBNA3B	EBNA1,EBNA3B,EBNA-1%2C QUK transcript
87494	A	G	EBNA3B	EBNA1,EBNA3B,EBNA-1%2C QUK transcript
87522	G	A	EBNA3B	EBNA1,EBNA3B,EBNA-1%2C QUK transcript
87528	T	C	EBNA3B	EBNA1,EBNA3B,EBNA-1%2C QUK transcript
87535	T	A	EBNA3B	EBNA1,EBNA3B,EBNA-1%2C QUK transcript
87537	A	C	EBNA3B	EBNA1,EBNA3B,EBNA-1%2C QUK transcript
87555	C	A	EBNA3B	EBNA1,EBNA3B,EBNA-1%2C QUK transcript
87557	G	A	EBNA3B	EBNA1,EBNA3B,EBNA-1%2C QUK transcript
87563	G	A	EBNA3B	EBNA1,EBNA3B,EBNA-1%2C QUK transcript
87565	T	C	EBNA3B	EBNA1,EBNA3B,EBNA-1%2C QUK transcript
87568	A	G	EBNA3B	EBNA1,EBNA3B,EBNA-1%2C QUK transcript
87571	T	G	EBNA3B	EBNA1,EBNA3B,EBNA-1%2C QUK transcript
87573	C	T	EBNA3B	EBNA1,EBNA3B,EBNA-1%2C QUK transcript
87577	T	C	EBNA3B	EBNA1,EBNA3B,EBNA-1%2C QUK transcript
87590	T	C	EBNA3B	EBNA1,EBNA3B,EBNA-1%2C QUK transcript
87591	C	G	EBNA3B	EBNA1,EBNA3B,EBNA-1%2C QUK transcript
87601	C	G	EBNA3B	EBNA1,EBNA3B,EBNA-1%2C QUK transcript
87604	T	A	EBNA3B	EBNA1,EBNA3B,EBNA-1%2C QUK transcript
87609	A	G	EBNA3B	EBNA1,EBNA3B,EBNA-1%2C QUK transcript
87612	C	G	EBNA3B	EBNA1,EBNA3B,EBNA-1%2C QUK transcript
87614	G	T	EBNA3B	EBNA1,EBNA3B,EBNA-1%2C QUK transcript
87618	C	T	EBNA3B	EBNA1,EBNA3B,EBNA-1%2C QUK transcript
87620	A	C	EBNA3B	EBNA1,EBNA3B,EBNA-1%2C QUK transcript
87621	G	T	EBNA3B	EBNA1,EBNA3B,EBNA-1%2C QUK transcript
87630	A	C	EBNA3B	EBNA1,EBNA3B,EBNA-1%2C QUK transcript
87638	G	A	EBNA3B	EBNA1,EBNA3B,EBNA-1%2C QUK transcript
87647	T	G	EBNA3B	EBNA1,EBNA3B,EBNA-1%2C QUK transcript
87671	G	A	EBNA3B	EBNA1,EBNA3B,EBNA-1%2C QUK transcript
87674	C	T	EBNA3B	EBNA1,EBNA3B,EBNA-1%2C QUK transcript
87684	G	A	EBNA3B	EBNA1,EBNA3B,EBNA-1%2C QUK transcript
